country-code,year,economic-fitness
AFG,1995,0.06895
AFG,1996,0.06449
AFG,1997,0.21925
AFG,1998,0.08801
AFG,1999,0.14127
AFG,2000,0.23200
AFG,2001,0.27210
AFG,2002,0.19268
AFG,2003,0.23499
AFG,2004,0.19361
AFG,2005,0.31171
AFG,2006,0.19375
AFG,2007,0.14549
AFG,2008,0.20758
AFG,2009,0.62194
AFG,2010,0.31129
AFG,2011,0.10048
AFG,2012,0.07757
AFG,2013,0.10157
AFG,2014,0.05350
AFG,2015,0.05370
AGO,1995,0.00000
AGO,1996,0.00000
AGO,1997,0.00000
AGO,1998,0.00000
AGO,1999,0.00000
AGO,2000,0.00000
AGO,2001,0.00000
AGO,2002,0.00000
AGO,2003,0.00000
AGO,2004,0.00000
AGO,2005,0.00000
AGO,2006,0.00000
AGO,2007,0.00000
AGO,2008,0.00000
AGO,2009,0.00000
AGO,2010,0.00000
AGO,2011,0.00000
AGO,2012,0.00000
AGO,2013,0.00000
AGO,2014,0.00000
AGO,2015,0.00000
ALB,1995,0.19011
ALB,1996,0.44012
ALB,1997,0.37589
ALB,1998,0.43081
ALB,1999,0.44994
ALB,2000,0.54939
ALB,2001,0.46480
ALB,2002,0.47344
ALB,2003,0.58089
ALB,2004,0.49457
ALB,2005,0.49526
ALB,2006,0.46101
ALB,2007,0.48162
ALB,2008,0.86836
ALB,2009,0.89086
ALB,2010,0.42641
ALB,2011,0.41327
ALB,2012,0.42853
ALB,2013,0.42380
ALB,2014,0.34232
ALB,2015,0.37462
AND,1995,0.65982
AND,1996,0.65610
AND,1997,0.85326
AND,1998,0.85578
AND,1999,0.76340
AND,2000,0.85494
AND,2001,0.94285
AND,2002,0.80844
AND,2003,0.69105
AND,2004,0.72832
AND,2005,0.68253
AND,2006,0.78821
AND,2007,0.90710
AND,2008,0.75068
AND,2009,0.64020
AND,2010,0.46577
AND,2011,0.23063
AND,2012,0.61898
AND,2013,0.30037
AND,2014,0.18079
AND,2015,0.36942
ARE,1995,0.10596
ARE,1996,0.12949
ARE,1997,0.16518
ARE,1998,0.34634
ARE,1999,0.34197
ARE,2000,0.29689
ARE,2001,0.30817
ARE,2002,0.36551
ARE,2003,0.36146
ARE,2004,0.48235
ARE,2005,0.67758
ARE,2006,0.21291
ARE,2007,0.67632
ARE,2008,0.45388
ARE,2009,0.18639
ARE,2010,0.56959
ARE,2011,0.39783
ARE,2012,0.14041
ARE,2013,0.18323
ARE,2014,0.18133
ARE,2015,0.34386
ARG,1995,0.78902
ARG,1996,0.80379
ARG,1997,0.92882
ARG,1998,0.89541
ARG,1999,0.88869
ARG,2000,0.90567
ARG,2001,0.84634
ARG,2002,0.75577
ARG,2003,0.78036
ARG,2004,0.84766
ARG,2005,0.84877
ARG,2006,0.84941
ARG,2007,0.85164
ARG,2008,0.79967
ARG,2009,0.81936
ARG,2010,0.83044
ARG,2011,0.63882
ARG,2012,0.65138
ARG,2013,0.57691
ARG,2014,0.59698
ARG,2015,0.62147
ARM,1995,0.02027
ARM,1996,0.54333
ARM,1997,1.18290
ARM,1998,0.79878
ARM,1999,0.82219
ARM,2000,0.61208
ARM,2001,0.79189
ARM,2002,0.46268
ARM,2003,0.42479
ARM,2004,0.37568
ARM,2005,0.36613
ARM,2006,0.31305
ARM,2007,0.63870
ARM,2008,0.50917
ARM,2009,0.42582
ARM,2010,0.32899
ARM,2011,0.43946
ARM,2012,0.42947
ARM,2013,0.24752
ARM,2014,0.21659
ARM,2015,0.32028
AUS,1995,1.11670
AUS,1996,1.14280
AUS,1997,1.11260
AUS,1998,0.98680
AUS,1999,1.02670
AUS,2000,1.18220
AUS,2001,1.03350
AUS,2002,1.09580
AUS,2003,1.01950
AUS,2004,0.84245
AUS,2005,0.72776
AUS,2006,0.69969
AUS,2007,0.71359
AUS,2008,0.59169
AUS,2009,0.51095
AUS,2010,0.42168
AUS,2011,0.34349
AUS,2012,0.37233
AUS,2013,0.34311
AUS,2014,0.38785
AUS,2015,0.38848
AUT,1995,4.14830
AUT,1996,3.98230
AUT,1997,3.80460
AUT,1998,3.76370
AUT,1999,3.78410
AUT,2000,3.59300
AUT,2001,3.50290
AUT,2002,3.48710
AUT,2003,3.40240
AUT,2004,3.53760
AUT,2005,3.59050
AUT,2006,3.41430
AUT,2007,3.35730
AUT,2008,3.50550
AUT,2009,3.47610
AUT,2010,3.35480
AUT,2011,3.56920
AUT,2012,3.40600
AUT,2013,3.54070
AUT,2014,3.50830
AUT,2015,3.33597
AZE,1995,0.02663
AZE,1996,0.40006
AZE,1997,0.33687
AZE,1998,0.38720
AZE,1999,0.14784
AZE,2000,0.13855
AZE,2001,0.07857
AZE,2002,0.10957
AZE,2003,0.09548
AZE,2004,0.08359
AZE,2005,0.06889
AZE,2006,0.06557
AZE,2007,0.04085
AZE,2008,0.01534
AZE,2009,0.01596
AZE,2010,0.01985
AZE,2011,0.01069
AZE,2012,0.00918
AZE,2013,0.00663
AZE,2014,0.00186
AZE,2015,0.00625
BDI,1995,0.00669
BDI,1996,0.00693
BDI,1997,0.00202
BDI,1998,0.00305
BDI,1999,0.00503
BDI,2000,0.00583
BDI,2001,0.02213
BDI,2002,0.05324
BDI,2003,0.00673
BDI,2004,0.01463
BDI,2005,0.01786
BDI,2006,0.07916
BDI,2007,0.09313
BDI,2008,0.06220
BDI,2009,0.05123
BDI,2010,0.05178
BDI,2011,0.04607
BDI,2012,0.04359
BDI,2013,0.02417
BDI,2014,0.07395
BDI,2015,0.03492
BEL,1995,5.12390
BEL,1996,5.10490
BEL,1997,5.05900
BEL,1998,4.85210
BEL,1999,4.94060
BEL,2000,4.49100
BEL,2001,4.60190
BEL,2002,4.47000
BEL,2003,4.49770
BEL,2004,4.45510
BEL,2005,4.40350
BEL,2006,4.33200
BEL,2007,4.10900
BEL,2008,4.16460
BEL,2009,4.21020
BEL,2010,4.07990
BEL,2011,4.00230
BEL,2012,4.23260
BEL,2013,4.16640
BEL,2014,4.30130
BEL,2015,4.20736
BEN,1995,0.03068
BEN,1996,0.02758
BEN,1997,0.00686
BEN,1998,0.08641
BEN,1999,0.06169
BEN,2000,0.07641
BEN,2001,0.08436
BEN,2002,0.08917
BEN,2003,0.07860
BEN,2004,0.03821
BEN,2005,0.04532
BEN,2006,0.05154
BEN,2007,0.05051
BEN,2008,0.04425
BEN,2009,0.08809
BEN,2010,0.01748
BEN,2011,0.01268
BEN,2012,0.04522
BEN,2013,0.04352
BEN,2014,0.04477
BEN,2015,0.06844
BFA,1995,0.02342
BFA,1996,0.04705
BFA,1997,0.12448
BFA,1998,0.08192
BFA,1999,0.12330
BFA,2000,0.31814
BFA,2001,0.36634
BFA,2002,0.46714
BFA,2003,0.08758
BFA,2004,0.13148
BFA,2005,0.09442
BFA,2006,0.10035
BFA,2007,0.13601
BFA,2008,0.03896
BFA,2009,0.03688
BFA,2010,0.06876
BFA,2011,0.01144
BFA,2012,0.02290
BFA,2013,0.01871
BFA,2014,0.02738
BFA,2015,0.00840
BGD,1995,0.10746
BGD,1996,0.12899
BGD,1997,0.14994
BGD,1998,0.17704
BGD,1999,0.14039
BGD,2000,0.24871
BGD,2001,0.30344
BGD,2002,0.28026
BGD,2003,0.28609
BGD,2004,0.28575
BGD,2005,0.29752
BGD,2006,0.32814
BGD,2007,0.37114
BGD,2008,0.20928
BGD,2009,0.26004
BGD,2010,0.30471
BGD,2011,0.27904
BGD,2012,0.34158
BGD,2013,0.25405
BGD,2014,0.25507
BGD,2015,0.25145
BGR,1995,1.14100
BGR,1996,1.52510
BGR,1997,1.56550
BGR,1998,1.59380
BGR,1999,1.53210
BGR,2000,1.50790
BGR,2001,1.48590
BGR,2002,1.46710
BGR,2003,1.53270
BGR,2004,1.55150
BGR,2005,1.49480
BGR,2006,1.44480
BGR,2007,1.56840
BGR,2008,1.54180
BGR,2009,1.71870
BGR,2010,1.62260
BGR,2011,1.71380
BGR,2012,1.82740
BGR,2013,1.69180
BGR,2014,1.74840
BGR,2015,1.77151
BHR,1995,0.05015
BHR,1996,0.08723
BHR,1997,0.03867
BHR,1998,0.13366
BHR,1999,0.10837
BHR,2000,0.16121
BHR,2001,0.14786
BHR,2002,0.20697
BHR,2003,0.20736
BHR,2004,0.17026
BHR,2005,0.21449
BHR,2006,0.15106
BHR,2007,0.21017
BHR,2008,0.24566
BHR,2009,0.25894
BHR,2010,0.25556
BHR,2011,0.17819
BHR,2012,0.22725
BHR,2013,0.25506
BHR,2014,0.33775
BHR,2015,0.50420
BIH,1995,0.38089
BIH,1996,0.66933
BIH,1997,0.64991
BIH,1998,0.69868
BIH,1999,0.54795
BIH,2000,0.54402
BIH,2001,0.58817
BIH,2002,0.65981
BIH,2003,0.69151
BIH,2004,0.81206
BIH,2005,0.69793
BIH,2006,0.73584
BIH,2007,0.75294
BIH,2008,0.81564
BIH,2009,0.89225
BIH,2010,0.81419
BIH,2011,0.84236
BIH,2012,0.84061
BIH,2013,0.90199
BIH,2014,0.85774
BIH,2015,0.77760
BLR,1995,0.49446
BLR,1996,0.89852
BLR,1997,0.82500
BLR,1998,1.43890
BLR,1999,1.39370
BLR,2000,1.22600
BLR,2001,1.20120
BLR,2002,1.32230
BLR,2003,1.22840
BLR,2004,1.10000
BLR,2005,0.98339
BLR,2006,0.90507
BLR,2007,0.95433
BLR,2008,0.93876
BLR,2009,0.81953
BLR,2010,0.98249
BLR,2011,0.92876
BLR,2012,0.94779
BLR,2013,1.13050
BLR,2014,1.00590
BLR,2015,0.97424
BLZ,1995,0.04123
BLZ,1996,0.04011
BLZ,1997,0.06046
BLZ,1998,0.10276
BLZ,1999,0.03072
BLZ,2000,0.09050
BLZ,2001,0.10082
BLZ,2002,0.20264
BLZ,2003,0.15186
BLZ,2004,0.15549
BLZ,2005,0.11064
BLZ,2006,0.12122
BLZ,2007,0.10946
BLZ,2008,1.09540
BLZ,2009,0.72280
BLZ,2010,0.07210
BLZ,2011,0.38498
BLZ,2012,0.07826
BLZ,2013,0.15703
BLZ,2014,0.16884
BLZ,2015,0.14791
BOL,1995,0.07697
BOL,1996,0.11400
BOL,1997,0.08819
BOL,1998,0.11271
BOL,1999,0.12686
BOL,2000,0.15955
BOL,2001,0.15793
BOL,2002,0.17237
BOL,2003,0.14398
BOL,2004,0.13588
BOL,2005,0.12508
BOL,2006,0.10843
BOL,2007,0.09581
BOL,2008,0.09963
BOL,2009,0.09284
BOL,2010,0.10971
BOL,2011,0.06824
BOL,2012,0.10547
BOL,2013,0.05589
BOL,2014,0.03222
BOL,2015,0.03475
BRA,1995,1.69660
BRA,1996,1.74230
BRA,1997,1.53010
BRA,1998,1.73770
BRA,1999,1.58260
BRA,2000,1.59950
BRA,2001,1.49880
BRA,2002,1.36760
BRA,2003,1.58530
BRA,2004,1.52970
BRA,2005,1.55640
BRA,2006,1.58080
BRA,2007,1.41520
BRA,2008,1.22880
BRA,2009,1.19240
BRA,2010,1.17560
BRA,2011,1.18060
BRA,2012,1.06230
BRA,2013,0.94035
BRA,2014,0.96147
BRA,2015,1.08710
BRN,1995,0.00012
BRN,1996,0.00000
BRN,1997,0.01652
BRN,1998,0.02873
BRN,1999,0.00710
BRN,2000,0.00790
BRN,2001,0.03459
BRN,2002,0.02188
BRN,2003,0.01965
BRN,2004,0.05668
BRN,2005,0.00212
BRN,2006,0.01937
BRN,2007,0.00000
BRN,2008,0.00000
BRN,2009,0.00001
BRN,2010,0.00000
BRN,2011,0.00000
BRN,2012,0.00000
BRN,2013,0.00137
BRN,2014,0.00976
BRN,2015,0.02389
BTN,1995,0.01654
BTN,1996,0.01355
BTN,1997,0.03954
BTN,1998,0.07823
BTN,1999,0.08808
BTN,2000,0.05856
BTN,2001,0.09162
BTN,2002,0.05883
BTN,2003,0.10334
BTN,2004,0.04333
BTN,2005,0.10091
BTN,2006,0.08587
BTN,2007,0.06759
BTN,2008,0.02001
BTN,2009,0.09209
BTN,2010,0.09176
BTN,2011,0.05974
BTN,2012,0.09918
BTN,2013,0.00377
BTN,2014,0.01063
BTN,2015,0.00976
CAF,1995,0.02449
CAF,1996,0.03986
CAF,1997,0.03557
CAF,1998,0.05248
CAF,1999,0.08852
CAF,2000,0.09878
CAF,2001,0.16560
CAF,2002,0.13201
CAF,2003,0.07588
CAF,2004,0.02740
CAF,2005,0.03549
CAF,2006,0.02728
CAF,2007,0.02066
CAF,2008,0.03171
CAF,2009,0.05381
CAF,2010,0.04207
CAF,2011,0.02364
CAF,2012,0.04599
CAF,2013,0.01896
CAF,2014,0.01953
CAF,2015,0.00568
CAN,1995,1.62680
CAN,1996,2.17660
CAN,1997,1.96130
CAN,1998,2.03340
CAN,1999,2.00910
CAN,2000,1.90880
CAN,2001,1.78550
CAN,2002,2.00840
CAN,2003,1.90060
CAN,2004,1.80570
CAN,2005,1.55140
CAN,2006,1.50440
CAN,2007,1.39360
CAN,2008,1.29240
CAN,2009,1.49150
CAN,2010,1.39880
CAN,2011,1.42580
CAN,2012,1.42400
CAN,2013,1.25770
CAN,2014,1.17300
CAN,2015,1.35310
CHE,1995,6.13200
CHE,1996,5.39140
CHE,1997,4.86510
CHE,1998,4.57180
CHE,1999,4.35800
CHE,2000,4.50340
CHE,2001,4.76590
CHE,2002,4.07800
CHE,2003,4.28880
CHE,2004,4.02370
CHE,2005,4.07590
CHE,2006,3.89620
CHE,2007,3.72070
CHE,2008,3.75350
CHE,2009,3.40840
CHE,2010,3.43860
CHE,2011,3.29070
CHE,2012,2.92780
CHE,2013,2.70870
CHE,2014,2.98080
CHE,2015,2.70237
CHL,1995,0.34157
CHL,1996,0.46454
CHL,1997,0.50715
CHL,1998,0.62131
CHL,1999,0.53348
CHL,2000,0.56990
CHL,2001,0.54715
CHL,2002,0.51372
CHL,2003,0.60327
CHL,2004,0.47508
CHL,2005,0.49711
CHL,2006,0.42532
CHL,2007,0.37556
CHL,2008,0.44801
CHL,2009,0.44224
CHL,2010,0.36344
CHL,2011,0.41118
CHL,2012,0.38865
CHL,2013,0.35100
CHL,2014,0.35453
CHL,2015,0.42487
CHN,1995,3.85700
CHN,1996,3.52140
CHN,1997,3.83260
CHN,1998,3.56120
CHN,1999,3.85000
CHN,2000,4.43650
CHN,2001,4.81130
CHN,2002,4.96970
CHN,2003,5.24490
CHN,2004,5.51620
CHN,2005,5.91340
CHN,2006,6.10330
CHN,2007,6.31290
CHN,2008,6.74780
CHN,2009,6.83730
CHN,2010,7.38820
CHN,2011,7.91470
CHN,2012,8.35510
CHN,2013,8.55570
CHN,2014,8.89670
CHN,2015,10.68784
CIV,1995,0.07709
CIV,1996,0.12172
CIV,1997,0.11469
CIV,1998,0.10607
CIV,1999,0.12213
CIV,2000,0.14061
CIV,2001,0.12754
CIV,2002,0.13766
CIV,2003,0.13047
CIV,2004,0.08751
CIV,2005,0.07403
CIV,2006,0.08207
CIV,2007,0.07745
CIV,2008,0.07704
CIV,2009,0.13059
CIV,2010,0.06864
CIV,2011,0.05215
CIV,2012,0.05631
CIV,2013,0.04277
CIV,2014,0.05715
CIV,2015,0.05729
CMR,1995,0.02397
CMR,1996,0.01386
CMR,1997,0.01552
CMR,1998,0.00468
CMR,1999,0.01329
CMR,2000,0.02851
CMR,2001,0.02577
CMR,2002,0.05001
CMR,2003,0.04787
CMR,2004,0.01786
CMR,2005,0.03021
CMR,2006,0.02722
CMR,2007,0.04033
CMR,2008,0.03596
CMR,2009,0.07425
CMR,2010,0.05730
CMR,2011,0.06991
CMR,2012,0.04965
CMR,2013,0.00452
CMR,2014,0.04802
CMR,2015,0.03848
COD,1995,0.00557
COD,1996,0.00785
COD,1997,0.00000
COD,1998,0.00250
COD,1999,0.00461
COD,2000,0.00636
COD,2001,0.01015
COD,2002,0.01339
COD,2003,0.02169
COD,2004,0.00942
COD,2005,0.01076
COD,2006,0.00749
COD,2007,0.00402
COD,2008,0.00786
COD,2009,0.01978
COD,2010,0.00794
COD,2011,0.00000
COD,2012,0.00160
COD,2013,0.00000
COD,2014,0.00000
COD,2015,0.00000
COG,1995,0.00130
COG,1996,0.00000
COG,1997,0.00000
COG,1998,0.00186
COG,1999,0.00063
COG,2000,0.00023
COG,2001,0.00085
COG,2002,0.00150
COG,2003,0.00133
COG,2004,0.00040
COG,2005,0.00144
COG,2006,0.00025
COG,2007,0.00208
COG,2008,0.00419
COG,2009,0.00793
COG,2010,0.00125
COG,2011,0.00000
COG,2012,0.00162
COG,2013,0.00000
COG,2014,0.00000
COG,2015,0.00000
COL,1995,0.51624
COL,1996,0.45681
COL,1997,0.45510
COL,1998,0.54927
COL,1999,0.50307
COL,2000,0.53639
COL,2001,0.57405
COL,2002,0.61597
COL,2003,0.60265
COL,2004,0.56208
COL,2005,0.53629
COL,2006,0.59619
COL,2007,0.67863
COL,2008,0.66860
COL,2009,0.65099
COL,2010,0.44142
COL,2011,0.33797
COL,2012,0.35756
COL,2013,0.35252
COL,2014,0.29174
COL,2015,0.37918
CRI,1995,0.24120
CRI,1996,0.30802
CRI,1997,0.41364
CRI,1998,0.40454
CRI,1999,0.31038
CRI,2000,0.35257
CRI,2001,0.43033
CRI,2002,0.40222
CRI,2003,0.32072
CRI,2004,0.34873
CRI,2005,0.36258
CRI,2006,0.36032
CRI,2007,0.36750
CRI,2008,0.42915
CRI,2009,0.32196
CRI,2010,0.30389
CRI,2011,0.27218
CRI,2012,0.28659
CRI,2013,0.20265
CRI,2014,0.19218
CRI,2015,0.41363
CYP,1995,0.54350
CYP,1996,0.76057
CYP,1997,0.86073
CYP,1998,0.74449
CYP,1999,0.71777
CYP,2000,0.85635
CYP,2001,0.82944
CYP,2002,0.84168
CYP,2003,0.75012
CYP,2004,1.00590
CYP,2005,1.03600
CYP,2006,0.74492
CYP,2007,1.00080
CYP,2008,1.15880
CYP,2009,1.23200
CYP,2010,1.13320
CYP,2011,1.06590
CYP,2012,0.83395
CYP,2013,0.80554
CYP,2014,1.10910
CYP,2015,0.83771
CZE,1995,4.79760
CZE,1996,4.02400
CZE,1997,3.82500
CZE,1998,3.67770
CZE,1999,3.75310
CZE,2000,3.70310
CZE,2001,3.46270
CZE,2002,3.39010
CZE,2003,3.27580
CZE,2004,3.32840
CZE,2005,3.33090
CZE,2006,3.32250
CZE,2007,3.23340
CZE,2008,3.11600
CZE,2009,2.96470
CZE,2010,3.13010
CZE,2011,3.25320
CZE,2012,3.23920
CZE,2013,3.34810
CZE,2014,3.20440
CZE,2015,3.10687
DEU,1995,10.27300
DEU,1996,9.14310
DEU,1997,8.50650
DEU,1998,7.88450
DEU,1999,7.65330
DEU,2000,7.33400
DEU,2001,6.95730
DEU,2002,6.82310
DEU,2003,7.05560
DEU,2004,6.89690
DEU,2005,6.71690
DEU,2006,6.72280
DEU,2007,6.66390
DEU,2008,6.84990
DEU,2009,6.19920
DEU,2010,6.53610
DEU,2011,6.53930
DEU,2012,6.55480
DEU,2013,7.14380
DEU,2014,6.92110
DEU,2015,6.66913
DNK,1995,2.99400
DNK,1996,2.85230
DNK,1997,2.87630
DNK,1998,2.90140
DNK,1999,2.82740
DNK,2000,2.61220
DNK,2001,2.40700
DNK,2002,2.39760
DNK,2003,2.47280
DNK,2004,2.61000
DNK,2005,2.54850
DNK,2006,2.43530
DNK,2007,2.48830
DNK,2008,2.39880
DNK,2009,2.38910
DNK,2010,2.41710
DNK,2011,2.59930
DNK,2012,2.38200
DNK,2013,2.34010
DNK,2014,2.48730
DNK,2015,2.29986
DZA,1995,0.02640
DZA,1996,0.03492
DZA,1997,0.00391
DZA,1998,0.02778
DZA,1999,0.00919
DZA,2000,0.01019
DZA,2001,0.01698
DZA,2002,0.02620
DZA,2003,0.01018
DZA,2004,0.00505
DZA,2005,0.00224
DZA,2006,0.00404
DZA,2007,0.00000
DZA,2008,0.00132
DZA,2009,0.00632
DZA,2010,0.00161
DZA,2011,0.00000
DZA,2012,0.00000
DZA,2013,0.00000
DZA,2014,0.00000
DZA,2015,0.00000
ECU,1995,0.08513
ECU,1996,0.10710
ECU,1997,0.10676
ECU,1998,0.14834
ECU,1999,0.16266
ECU,2000,0.17789
ECU,2001,0.17097
ECU,2002,0.16391
ECU,2003,0.15722
ECU,2004,0.12237
ECU,2005,0.12323
ECU,2006,0.15518
ECU,2007,0.15572
ECU,2008,0.11831
ECU,2009,0.14495
ECU,2010,0.20526
ECU,2011,0.14972
ECU,2012,0.18104
ECU,2013,0.12153
ECU,2014,0.07104
ECU,2015,0.07888
EGY,1995,0.47756
EGY,1996,0.48210
EGY,1997,0.48933
EGY,1998,0.55670
EGY,1999,0.63485
EGY,2000,0.62307
EGY,2001,0.65671
EGY,2002,0.70909
EGY,2003,0.74057
EGY,2004,0.68654
EGY,2005,0.83763
EGY,2006,0.71132
EGY,2007,0.78629
EGY,2008,0.80610
EGY,2009,1.02600
EGY,2010,1.03000
EGY,2011,0.88489
EGY,2012,0.90315
EGY,2013,1.01320
EGY,2014,1.15100
EGY,2015,1.10285
ERI,1995,0.06836
ERI,1996,0.00038
ERI,1997,0.00771
ERI,1998,0.07663
ERI,1999,0.03654
ERI,2000,0.06072
ERI,2001,0.13633
ERI,2002,0.17252
ERI,2003,0.24231
ERI,2004,0.18764
ERI,2005,0.10298
ERI,2006,0.17043
ERI,2007,0.02981
ERI,2008,0.11275
ERI,2009,0.16653
ERI,2010,0.12455
ERI,2011,0.00070
ERI,2012,0.00633
ERI,2013,0.00032
ERI,2014,0.00000
ERI,2015,0.00000
ESP,1995,3.96360
ESP,1996,3.79100
ESP,1997,3.66350
ESP,1998,3.70640
ESP,1999,3.95880
ESP,2000,3.86660
ESP,2001,3.88730
ESP,2002,3.92500
ESP,2003,3.76250
ESP,2004,3.88840
ESP,2005,4.01000
ESP,2006,3.77300
ESP,2007,3.69600
ESP,2008,3.84090
ESP,2009,3.94840
ESP,2010,4.01980
ESP,2011,4.27650
ESP,2012,3.87590
ESP,2013,4.31460
ESP,2014,4.34250
ESP,2015,3.67105
EST,1995,1.25260
EST,1996,1.11980
EST,1997,1.08860
EST,1998,1.17950
EST,1999,1.04780
EST,2000,0.96635
EST,2001,1.12620
EST,2002,1.07120
EST,2003,1.15740
EST,2004,1.25480
EST,2005,1.38970
EST,2006,1.44040
EST,2007,1.59460
EST,2008,1.71170
EST,2009,1.55130
EST,2010,1.77500
EST,2011,1.65480
EST,2012,1.75930
EST,2013,2.00070
EST,2014,1.64950
EST,2015,1.68037
ETH,1995,0.01442
ETH,1996,0.00676
ETH,1997,0.00536
ETH,1998,0.01423
ETH,1999,0.01437
ETH,2000,0.03624
ETH,2001,0.06653
ETH,2002,0.08280
ETH,2003,0.06351
ETH,2004,0.10032
ETH,2005,0.10787
ETH,2006,0.10869
ETH,2007,0.12712
ETH,2008,0.13917
ETH,2009,0.17287
ETH,2010,0.18018
ETH,2011,0.15055
ETH,2012,0.13349
ETH,2013,0.12010
ETH,2014,0.09046
ETH,2015,0.11819
FIN,1995,1.76050
FIN,1996,1.88970
FIN,1997,1.86910
FIN,1998,1.75430
FIN,1999,1.80770
FIN,2000,1.59250
FIN,2001,1.45180
FIN,2002,1.62990
FIN,2003,1.62740
FIN,2004,1.64270
FIN,2005,1.61710
FIN,2006,1.54490
FIN,2007,1.58080
FIN,2008,1.52920
FIN,2009,1.55230
FIN,2010,1.66460
FIN,2011,1.82670
FIN,2012,1.76990
FIN,2013,1.67840
FIN,2014,1.63740
FIN,2015,1.71024
FRA,1995,6.20650
FRA,1996,6.19540
FRA,1997,5.84830
FRA,1998,5.52510
FRA,1999,5.64730
FRA,2000,5.36490
FRA,2001,5.31790
FRA,2002,5.35650
FRA,2003,5.17860
FRA,2004,5.35490
FRA,2005,5.02470
FRA,2006,5.08010
FRA,2007,4.83440
FRA,2008,4.99350
FRA,2009,4.69090
FRA,2010,4.65630
FRA,2011,4.85820
FRA,2012,4.84310
FRA,2013,4.82500
FRA,2014,4.90300
FRA,2015,4.39823
GAB,1995,0.00000
GAB,1996,0.00000
GAB,1997,0.00000
GAB,1998,0.00144
GAB,1999,0.00315
GAB,2000,0.00110
GAB,2001,0.00449
GAB,2002,0.00753
GAB,2003,0.00189
GAB,2004,0.00075
GAB,2005,0.00029
GAB,2006,0.00130
GAB,2007,0.00127
GAB,2008,0.00222
GAB,2009,0.00585
GAB,2010,0.00000
GAB,2011,0.00000
GAB,2012,0.00000
GAB,2013,0.00000
GAB,2014,0.00000
GAB,2015,0.00000
GBR,1995,6.61680
GBR,1996,6.35030
GBR,1997,5.67640
GBR,1998,5.50930
GBR,1999,5.27590
GBR,2000,4.84040
GBR,2001,4.72490
GBR,2002,4.47710
GBR,2003,4.64350
GBR,2004,4.59760
GBR,2005,4.30050
GBR,2006,4.19180
GBR,2007,4.00060
GBR,2008,4.04090
GBR,2009,3.99090
GBR,2010,4.04400
GBR,2011,3.84930
GBR,2012,3.77020
GBR,2013,3.66030
GBR,2014,3.96540
GBR,2015,3.60758
GEO,1995,0.26247
GEO,1996,0.66938
GEO,1997,0.61913
GEO,1998,0.75976
GEO,1999,0.58247
GEO,2000,0.69590
GEO,2001,0.66411
GEO,2002,0.48388
GEO,2003,0.51788
GEO,2004,0.34121
GEO,2005,0.32235
GEO,2006,0.34296
GEO,2007,0.29310
GEO,2008,0.29796
GEO,2009,0.27442
GEO,2010,0.29332
GEO,2011,0.33442
GEO,2012,0.26283
GEO,2013,0.21533
GEO,2014,0.23529
GEO,2015,0.27663
GHA,1995,0.01640
GHA,1996,0.03773
GHA,1997,0.04868
GHA,1998,0.07383
GHA,1999,0.07964
GHA,2000,0.07184
GHA,2001,0.09830
GHA,2002,0.06874
GHA,2003,0.16596
GHA,2004,0.07372
GHA,2005,0.08858
GHA,2006,0.07665
GHA,2007,0.10168
GHA,2008,0.09896
GHA,2009,0.09282
GHA,2010,0.08420
GHA,2011,0.11676
GHA,2012,0.05970
GHA,2013,0.07007
GHA,2014,0.04607
GHA,2015,0.00866
GIN,1995,0.00744
GIN,1996,0.01267
GIN,1997,0.00383
GIN,1998,0.00107
GIN,1999,0.00170
GIN,2000,0.00574
GIN,2001,0.01682
GIN,2002,0.01126
GIN,2003,0.00504
GIN,2004,0.01429
GIN,2005,0.00881
GIN,2006,0.01572
GIN,2007,0.00726
GIN,2008,0.01052
GIN,2009,0.00839
GIN,2010,0.00191
GIN,2011,0.00498
GIN,2012,0.00377
GIN,2013,0.00821
GIN,2014,0.00189
GIN,2015,0.00425
GMB,1995,0.09322
GMB,1996,0.10831
GMB,1997,0.22616
GMB,1998,0.18719
GMB,1999,0.11238
GMB,2000,0.20126
GMB,2001,0.17693
GMB,2002,0.17414
GMB,2003,0.26164
GMB,2004,0.16614
GMB,2005,0.15782
GMB,2006,0.22400
GMB,2007,0.15979
GMB,2008,0.17524
GMB,2009,0.14588
GMB,2010,0.12611
GMB,2011,0.15635
GMB,2012,0.07883
GMB,2013,0.07467
GMB,2014,0.08111
GMB,2015,0.00456
GNB,1995,0.00000
GNB,1996,0.00000
GNB,1997,0.00000
GNB,1998,0.00001
GNB,1999,0.00000
GNB,2000,0.00000
GNB,2001,0.00000
GNB,2002,0.00382
GNB,2003,0.01491
GNB,2004,0.00463
GNB,2005,0.00151
GNB,2006,0.00201
GNB,2007,0.00064
GNB,2008,0.00162
GNB,2009,0.00426
GNB,2010,0.00006
GNB,2011,0.00000
GNB,2012,0.00000
GNB,2013,0.00000
GNB,2014,0.00000
GNB,2015,0.00000
GRC,1995,0.97817
GRC,1996,0.96358
GRC,1997,1.10320
GRC,1998,1.26100
GRC,1999,1.18720
GRC,2000,1.24010
GRC,2001,1.20230
GRC,2002,1.32380
GRC,2003,1.36600
GRC,2004,1.33710
GRC,2005,1.33890
GRC,2006,1.25730
GRC,2007,1.32620
GRC,2008,1.31350
GRC,2009,1.36970
GRC,2010,1.31460
GRC,2011,1.05560
GRC,2012,0.92530
GRC,2013,0.94722
GRC,2014,0.95870
GRC,2015,0.82303
GRL,1995,0.00455
GRL,1996,0.00362
GRL,1997,0.00401
GRL,1998,0.00540
GRL,1999,0.01204
GRL,2000,0.00959
GRL,2001,0.03492
GRL,2002,0.03066
GRL,2003,0.02339
GRL,2004,0.01413
GRL,2005,0.01631
GRL,2006,0.02804
GRL,2007,0.02668
GRL,2008,0.02444
GRL,2009,0.01677
GRL,2010,0.03262
GRL,2011,0.01871
GRL,2012,0.00642
GRL,2013,0.00397
GRL,2014,0.00327
GRL,2015,0.00126
GTM,1995,0.42160
GTM,1996,0.44384
GTM,1997,0.43761
GTM,1998,0.43841
GTM,1999,0.47399
GTM,2000,0.52948
GTM,2001,0.53617
GTM,2002,0.57134
GTM,2003,0.58165
GTM,2004,0.60036
GTM,2005,0.63735
GTM,2006,0.67207
GTM,2007,0.62857
GTM,2008,0.63297
GTM,2009,0.56224
GTM,2010,0.57448
GTM,2011,0.61313
GTM,2012,0.56393
GTM,2013,0.54279
GTM,2014,0.56964
GTM,2015,0.60258
GUY,1995,0.00492
GUY,1996,0.00467
GUY,1997,0.02464
GUY,1998,0.03216
GUY,1999,0.02856
GUY,2000,0.02376
GUY,2001,0.06608
GUY,2002,0.05391
GUY,2003,0.08868
GUY,2004,0.04055
GUY,2005,0.05460
GUY,2006,0.05563
GUY,2007,0.06524
GUY,2008,0.03511
GUY,2009,0.05664
GUY,2010,0.04110
GUY,2011,0.03919
GUY,2012,0.02032
GUY,2013,0.01200
GUY,2014,0.01236
GUY,2015,0.01739
HND,1995,0.18203
HND,1996,0.22767
HND,1997,0.23441
HND,1998,0.24765
HND,1999,0.22439
HND,2000,0.18984
HND,2001,0.16797
HND,2002,0.23036
HND,2003,0.24528
HND,2004,0.22204
HND,2005,0.20276
HND,2006,0.25623
HND,2007,0.27432
HND,2008,0.25553
HND,2009,0.28482
HND,2010,0.37077
HND,2011,0.23956
HND,2012,0.34654
HND,2013,0.23020
HND,2014,0.37038
HND,2015,0.24469
HRV,1995,1.44430
HRV,1996,1.26170
HRV,1997,1.33910
HRV,1998,1.22570
HRV,1999,1.00620
HRV,2000,1.14220
HRV,2001,1.09610
HRV,2002,1.13070
HRV,2003,1.21700
HRV,2004,1.08570
HRV,2005,1.16860
HRV,2006,1.18280
HRV,2007,1.31660
HRV,2008,1.26630
HRV,2009,1.14040
HRV,2010,1.27750
HRV,2011,1.17460
HRV,2012,1.18670
HRV,2013,1.37280
HRV,2014,1.32810
HRV,2015,1.32800
HUN,1995,2.44270
HUN,1996,2.41360
HUN,1997,1.97360
HUN,1998,1.93500
HUN,1999,1.90010
HUN,2000,1.84970
HUN,2001,1.89490
HUN,2002,1.95430
HUN,2003,1.95010
HUN,2004,1.84330
HUN,2005,1.70950
HUN,2006,1.67980
HUN,2007,1.66950
HUN,2008,1.65770
HUN,2009,1.59170
HUN,2010,1.75750
HUN,2011,1.85020
HUN,2012,1.94990
HUN,2013,2.02930
HUN,2014,2.04600
HUN,2015,1.79293
IDN,1995,1.03070
IDN,1996,1.11110
IDN,1997,1.15140
IDN,1998,1.30510
IDN,1999,1.40040
IDN,2000,1.54870
IDN,2001,1.59310
IDN,2002,1.59220
IDN,2003,1.59520
IDN,2004,1.63560
IDN,2005,1.49120
IDN,2006,1.65570
IDN,2007,1.57960
IDN,2008,1.60620
IDN,2009,1.79140
IDN,2010,1.46580
IDN,2011,1.49860
IDN,2012,1.49250
IDN,2013,1.63520
IDN,2014,1.58120
IDN,2015,1.56462
IND,1995,2.62220
IND,1996,2.67600
IND,1997,3.12650
IND,1998,3.17550
IND,1999,3.27750
IND,2000,3.58390
IND,2001,3.86930
IND,2002,3.91600
IND,2003,3.77270
IND,2004,4.01370
IND,2005,4.03120
IND,2006,3.79630
IND,2007,3.58180
IND,2008,3.81550
IND,2009,3.93480
IND,2010,3.66930
IND,2011,3.71880
IND,2012,4.02680
IND,2013,4.14360
IND,2014,4.30430
IND,2015,4.39558
IRL,1995,1.62940
IRL,1996,1.63070
IRL,1997,1.59930
IRL,1998,1.29950
IRL,1999,1.18760
IRL,2000,1.26960
IRL,2001,1.06970
IRL,2002,0.83622
IRL,2003,0.84407
IRL,2004,0.97303
IRL,2005,0.95396
IRL,2006,0.83308
IRL,2007,0.89473
IRL,2008,0.98016
IRL,2009,0.80928
IRL,2010,0.74514
IRL,2011,0.77226
IRL,2012,0.72749
IRL,2013,0.84008
IRL,2014,0.83291
IRL,2015,0.73815
IRN,1995,0.01803
IRN,1996,0.03190
IRN,1997,0.19168
IRN,1998,0.19916
IRN,1999,0.21968
IRN,2000,0.20502
IRN,2001,0.27436
IRN,2002,0.35456
IRN,2003,0.31490
IRN,2004,0.32679
IRN,2005,0.32856
IRN,2006,0.28028
IRN,2007,0.09212
IRN,2008,0.05457
IRN,2009,0.04882
IRN,2010,0.32336
IRN,2011,0.26875
IRN,2012,0.03854
IRN,2013,0.07832
IRN,2014,0.08933
IRN,2015,0.12458
IRQ,1995,0.00000
IRQ,1996,0.06622
IRQ,1997,0.00000
IRQ,1998,0.00000
IRQ,1999,0.00000
IRQ,2000,0.00000
IRQ,2001,0.00000
IRQ,2002,0.00000
IRQ,2003,0.00000
IRQ,2004,0.00000
IRQ,2005,0.00000
IRQ,2006,0.00000
IRQ,2007,0.00000
IRQ,2008,0.00000
IRQ,2009,0.00000
IRQ,2010,0.00000
IRQ,2011,0.00000
IRQ,2012,0.00000
IRQ,2013,0.00000
IRQ,2014,0.00000
IRQ,2015,0.00000
ISL,1995,0.13850
ISL,1996,0.16643
ISL,1997,0.18409
ISL,1998,0.19753
ISL,1999,0.20274
ISL,2000,0.21833
ISL,2001,0.27027
ISL,2002,0.30594
ISL,2003,0.25491
ISL,2004,0.33957
ISL,2005,0.25463
ISL,2006,0.27126
ISL,2007,0.22701
ISL,2008,0.23140
ISL,2009,0.25212
ISL,2010,0.23335
ISL,2011,0.21615
ISL,2012,0.18121
ISL,2013,0.17132
ISL,2014,0.16975
ISL,2015,0.13210
ISR,1995,2.32450
ISR,1996,2.04860
ISR,1997,1.95720
ISR,1998,1.86800
ISR,1999,1.97390
ISR,2000,1.93150
ISR,2001,1.94720
ISR,2002,2.07210
ISR,2003,2.26580
ISR,2004,2.03770
ISR,2005,2.10660
ISR,2006,2.12530
ISR,2007,1.55870
ISR,2008,1.67690
ISR,2009,1.75970
ISR,2010,1.67320
ISR,2011,1.66600
ISR,2012,1.53550
ISR,2013,1.51210
ISR,2014,1.60250
ISR,2015,1.42280
ITA,1995,6.61570
ITA,1996,5.69010
ITA,1997,5.94440
ITA,1998,5.66900
ITA,1999,5.50470
ITA,2000,5.74890
ITA,2001,5.23770
ITA,2002,5.49280
ITA,2003,5.55170
ITA,2004,5.61010
ITA,2005,5.71950
ITA,2006,5.58880
ITA,2007,5.54850
ITA,2008,5.41970
ITA,2009,5.20730
ITA,2010,5.53650
ITA,2011,5.88910
ITA,2012,5.65360
ITA,2013,5.84480
ITA,2014,5.89960
ITA,2015,5.62484
JOR,1995,0.37063
JOR,1996,0.24852
JOR,1997,0.47815
JOR,1998,0.43732
JOR,1999,0.85871
JOR,2000,0.85766
JOR,2001,0.68647
JOR,2002,0.54744
JOR,2003,0.58119
JOR,2004,0.73433
JOR,2005,0.68636
JOR,2006,0.66855
JOR,2007,0.66746
JOR,2008,0.62591
JOR,2009,0.59972
JOR,2010,0.70545
JOR,2011,0.57217
JOR,2012,0.68556
JOR,2013,0.62464
JOR,2014,0.49347
JOR,2015,0.46093
JPN,1995,7.23010
JPN,1996,7.17850
JPN,1997,6.45070
JPN,1998,5.91800
JPN,1999,5.75910
JPN,2000,6.06410
JPN,2001,5.74660
JPN,2002,5.47530
JPN,2003,5.44670
JPN,2004,5.51490
JPN,2005,5.38210
JPN,2006,5.46470
JPN,2007,5.26600
JPN,2008,5.33100
JPN,2009,5.67380
JPN,2010,5.58360
JPN,2011,5.80590
JPN,2012,5.82990
JPN,2013,6.01610
JPN,2014,6.05310
JPN,2015,7.54206
KAZ,1995,0.16681
KAZ,1996,0.64011
KAZ,1997,0.46736
KAZ,1998,0.32074
KAZ,1999,0.25971
KAZ,2000,0.25360
KAZ,2001,0.28632
KAZ,2002,0.22496
KAZ,2003,0.23467
KAZ,2004,0.22092
KAZ,2005,0.21067
KAZ,2006,0.18204
KAZ,2007,0.16140
KAZ,2008,0.13477
KAZ,2009,0.11553
KAZ,2010,0.08315
KAZ,2011,0.11049
KAZ,2012,0.21947
KAZ,2013,0.12184
KAZ,2014,0.17892
KAZ,2015,0.18021
KEN,1995,0.24584
KEN,1996,0.27230
KEN,1997,0.35672
KEN,1998,0.40278
KEN,1999,0.37762
KEN,2000,0.38733
KEN,2001,0.36003
KEN,2002,0.45104
KEN,2003,0.54670
KEN,2004,0.44222
KEN,2005,0.57756
KEN,2006,0.70006
KEN,2007,0.55760
KEN,2008,0.50269
KEN,2009,0.65036
KEN,2010,0.58402
KEN,2011,0.40321
KEN,2012,0.44937
KEN,2013,0.48564
KEN,2014,0.39181
KEN,2015,0.28775
KGZ,1995,0.18602
KGZ,1996,0.43740
KGZ,1997,0.46501
KGZ,1998,0.30515
KGZ,1999,0.31312
KGZ,2000,0.51999
KGZ,2001,0.37064
KGZ,2002,0.42431
KGZ,2003,0.48479
KGZ,2004,0.37068
KGZ,2005,0.35686
KGZ,2006,0.47949
KGZ,2007,0.32297
KGZ,2008,0.33149
KGZ,2009,0.31633
KGZ,2010,0.25605
KGZ,2011,0.28318
KGZ,2012,0.42977
KGZ,2013,0.33414
KGZ,2014,0.16173
KGZ,2015,0.29305
KHM,1995,0.02314
KHM,1996,0.08912
KHM,1997,0.04722
KHM,1998,0.06203
KHM,1999,0.07241
KHM,2000,0.12202
KHM,2001,0.12356
KHM,2002,0.17911
KHM,2003,0.16904
KHM,2004,0.13867
KHM,2005,0.15024
KHM,2006,0.19011
KHM,2007,0.20200
KHM,2008,0.17150
KHM,2009,0.18825
KHM,2010,0.19208
KHM,2011,0.22172
KHM,2012,0.24920
KHM,2013,0.29668
KHM,2014,0.26470
KHM,2015,0.40934
KOR,1995,2.48200
KOR,1996,2.82530
KOR,1997,2.81150
KOR,1998,2.47080
KOR,1999,2.40650
KOR,2000,2.56680
KOR,2001,2.81440
KOR,2002,2.75080
KOR,2003,2.74730
KOR,2004,2.68620
KOR,2005,2.62250
KOR,2006,2.61560
KOR,2007,2.42960
KOR,2008,2.52630
KOR,2009,2.56710
KOR,2010,2.85740
KOR,2011,2.80410
KOR,2012,3.03210
KOR,2013,3.19100
KOR,2014,3.29590
KOR,2015,3.45458
KWT,1995,0.00016
KWT,1996,0.00018
KWT,1997,0.00000
KWT,1998,0.00739
KWT,1999,0.00345
KWT,2000,0.00517
KWT,2001,0.01339
KWT,2002,0.01540
KWT,2003,0.01999
KWT,2004,0.01712
KWT,2005,0.01072
KWT,2006,0.01631
KWT,2007,0.01493
KWT,2008,0.00456
KWT,2009,0.02701
KWT,2010,0.00208
KWT,2011,0.00000
KWT,2012,0.00000
KWT,2013,0.01149
KWT,2014,0.01262
KWT,2015,0.04557
LAO,1995,0.02542
LAO,1996,0.18017
LAO,1997,0.16310
LAO,1998,0.06838
LAO,1999,0.06962
LAO,2000,0.05019
LAO,2001,0.08581
LAO,2002,0.08972
LAO,2003,0.12898
LAO,2004,0.13827
LAO,2005,0.11833
LAO,2006,0.12043
LAO,2007,0.10776
LAO,2008,0.12745
LAO,2009,0.11616
LAO,2010,0.12446
LAO,2011,0.11369
LAO,2012,0.11197
LAO,2013,0.08031
LAO,2014,0.08306
LAO,2015,0.08410
LBN,1995,0.52656
LBN,1996,0.53152
LBN,1997,1.01960
LBN,1998,0.98671
LBN,1999,0.99913
LBN,2000,1.01300
LBN,2001,1.03520
LBN,2002,0.98277
LBN,2003,0.83418
LBN,2004,0.95434
LBN,2005,1.17960
LBN,2006,1.17920
LBN,2007,1.19300
LBN,2008,1.22490
LBN,2009,0.91735
LBN,2010,0.89908
LBN,2011,0.90036
LBN,2012,0.97190
LBN,2013,1.07950
LBN,2014,0.94944
LBN,2015,0.82518
LBR,1995,0.00530
LBR,1996,0.00000
LBR,1997,0.00000
LBR,1998,0.00000
LBR,1999,0.00323
LBR,2000,0.00299
LBR,2001,0.00087
LBR,2002,0.02663
LBR,2003,0.00211
LBR,2004,0.00049
LBR,2005,0.00496
LBR,2006,0.00041
LBR,2007,0.00143
LBR,2008,0.00367
LBR,2009,0.00746
LBR,2010,0.00176
LBR,2011,0.02779
LBR,2012,0.00091
LBR,2013,0.00335
LBR,2014,0.00000
LBR,2015,0.00000
LBY,1995,0.00047
LBY,1996,0.00000
LBY,1997,0.00000
LBY,1998,0.00150
LBY,1999,0.00107
LBY,2000,0.00036
LBY,2001,0.00015
LBY,2002,0.00082
LBY,2003,0.00048
LBY,2004,0.00010
LBY,2005,0.00000
LBY,2006,0.00000
LBY,2007,0.00000
LBY,2008,0.00000
LBY,2009,0.00000
LBY,2010,0.00000
LBY,2011,0.00000
LBY,2012,0.00000
LBY,2013,0.00000
LBY,2014,0.00000
LBY,2015,0.00000
LTU,1995,0.92988
LTU,1996,1.03950
LTU,1997,1.10400
LTU,1998,1.06840
LTU,1999,1.08890
LTU,2000,0.92116
LTU,2001,0.89506
LTU,2002,0.89295
LTU,2003,0.87511
LTU,2004,0.96684
LTU,2005,1.18880
LTU,2006,1.39450
LTU,2007,1.60660
LTU,2008,1.29800
LTU,2009,1.37230
LTU,2010,1.38820
LTU,2011,1.51440
LTU,2012,1.62770
LTU,2013,1.79610
LTU,2014,2.04250
LTU,2015,1.72606
LVA,1995,0.62726
LVA,1996,0.75909
LVA,1997,0.81752
LVA,1998,0.95381
LVA,1999,0.92123
LVA,2000,0.77959
LVA,2001,0.84411
LVA,2002,0.84932
LVA,2003,0.94960
LVA,2004,1.01660
LVA,2005,1.12680
LVA,2006,1.23890
LVA,2007,1.26400
LVA,2008,1.22580
LVA,2009,1.34820
LVA,2010,1.53770
LVA,2011,1.52850
LVA,2012,1.40440
LVA,2013,1.40490
LVA,2014,1.60400
LVA,2015,1.35667
MAR,1995,0.42505
MAR,1996,0.42687
MAR,1997,0.43441
MAR,1998,0.46879
MAR,1999,0.49309
MAR,2000,0.50539
MAR,2001,0.50336
MAR,2002,0.57593
MAR,2003,0.63642
MAR,2004,0.56818
MAR,2005,0.63891
MAR,2006,0.75024
MAR,2007,0.87545
MAR,2008,0.70816
MAR,2009,0.81888
MAR,2010,0.81419
MAR,2011,0.83998
MAR,2012,0.71654
MAR,2013,0.81998
MAR,2014,0.71335
MAR,2015,0.51632
MDG,1995,0.09130
MDG,1996,0.11219
MDG,1997,0.15909
MDG,1998,0.16660
MDG,1999,0.20891
MDG,2000,0.27727
MDG,2001,0.24545
MDG,2002,0.30197
MDG,2003,0.22310
MDG,2004,0.23172
MDG,2005,0.31903
MDG,2006,0.29028
MDG,2007,0.29797
MDG,2008,0.29869
MDG,2009,0.36182
MDG,2010,0.46633
MDG,2011,0.39767
MDG,2012,0.34843
MDG,2013,0.30213
MDG,2014,0.24759
MDG,2015,0.23875
MEX,1995,1.88930
MEX,1996,1.67760
MEX,1997,1.83830
MEX,1998,1.73850
MEX,1999,1.75180
MEX,2000,1.72800
MEX,2001,1.86590
MEX,2002,1.73150
MEX,2003,1.81210
MEX,2004,1.79880
MEX,2005,1.76430
MEX,2006,1.74550
MEX,2007,1.66470
MEX,2008,1.61140
MEX,2009,1.51420
MEX,2010,1.65010
MEX,2011,1.73400
MEX,2012,1.71490
MEX,2013,1.86790
MEX,2014,1.67280
MEX,2015,1.53637
MKD,1995,0.96362
MKD,1996,0.70719
MKD,1997,0.66769
MKD,1998,0.57870
MKD,1999,0.52707
MKD,2000,0.48114
MKD,2001,0.52672
MKD,2002,0.51109
MKD,2003,0.43954
MKD,2004,0.44550
MKD,2005,0.60259
MKD,2006,0.52173
MKD,2007,0.50641
MKD,2008,0.42541
MKD,2009,0.63365
MKD,2010,0.60281
MKD,2011,0.55298
MKD,2012,0.49638
MKD,2013,0.50293
MKD,2014,0.50029
MKD,2015,0.42099
MLI,1995,0.03445
MLI,1996,0.03148
MLI,1997,0.02878
MLI,1998,0.04902
MLI,1999,0.06027
MLI,2000,0.12233
MLI,2001,0.08245
MLI,2002,0.08477
MLI,2003,0.03169
MLI,2004,0.04307
MLI,2005,0.04220
MLI,2006,0.05259
MLI,2007,0.04497
MLI,2008,0.04334
MLI,2009,0.15984
MLI,2010,0.06134
MLI,2011,0.05186
MLI,2012,0.04636
MLI,2013,0.02951
MLI,2014,0.03259
MLI,2015,0.01165
MLT,1995,0.28550
MLT,1996,0.52872
MLT,1997,0.54066
MLT,1998,0.41934
MLT,1999,0.45913
MLT,2000,0.29052
MLT,2001,0.34932
MLT,2002,0.50905
MLT,2003,0.36230
MLT,2004,0.36557
MLT,2005,0.40225
MLT,2006,0.38493
MLT,2007,0.45644
MLT,2008,0.28984
MLT,2009,0.34616
MLT,2010,0.41778
MLT,2011,0.37239
MLT,2012,0.35774
MLT,2013,0.33341
MLT,2014,0.37474
MLT,2015,0.33907
MMR,1995,0.03291
MMR,1996,0.05298
MMR,1997,0.08702
MMR,1998,0.08282
MMR,1999,0.09993
MMR,2000,0.11692
MMR,2001,0.11043
MMR,2002,0.13298
MMR,2003,0.13720
MMR,2004,0.09930
MMR,2005,0.09984
MMR,2006,0.10830
MMR,2007,0.12057
MMR,2008,0.09581
MMR,2009,0.11084
MMR,2010,0.13618
MMR,2011,0.13044
MMR,2012,0.15060
MMR,2013,0.11665
MMR,2014,0.12515
MMR,2015,0.15287
MNE,2006,0.30000
MNE,2007,0.24693
MNE,2008,0.29097
MNE,2009,0.38283
MNE,2010,0.42835
MNE,2011,0.29632
MNE,2012,0.26456
MNE,2013,0.33469
MNE,2014,0.26633
MNE,2015,0.25892
MNG,1995,0.02014
MNG,1996,0.06440
MNG,1997,0.08927
MNG,1998,0.10892
MNG,1999,0.17105
MNG,2000,0.11794
MNG,2001,0.10673
MNG,2002,0.13778
MNG,2003,0.15445
MNG,2004,0.13602
MNG,2005,0.12646
MNG,2006,0.11419
MNG,2007,0.07361
MNG,2008,0.04069
MNG,2009,0.03367
MNG,2010,0.04288
MNG,2011,0.02525
MNG,2012,0.01821
MNG,2013,0.03512
MNG,2014,0.02376
MNG,2015,0.03492
MOZ,1995,0.02488
MOZ,1996,0.03187
MOZ,1997,0.03580
MOZ,1998,0.05456
MOZ,1999,0.12585
MOZ,2000,0.19746
MOZ,2001,0.06169
MOZ,2002,0.06675
MOZ,2003,0.09571
MOZ,2004,0.05013
MOZ,2005,0.04485
MOZ,2006,0.06425
MOZ,2007,0.05292
MOZ,2008,0.05561
MOZ,2009,0.14332
MOZ,2010,0.04710
MOZ,2011,0.06092
MOZ,2012,0.03788
MOZ,2013,0.04864
MOZ,2014,0.06401
MOZ,2015,0.05748
MRT,1995,0.00030
MRT,1996,0.00158
MRT,1997,0.00245
MRT,1998,0.00511
MRT,1999,0.00691
MRT,2000,0.01404
MRT,2001,0.01691
MRT,2002,0.02688
MRT,2003,0.01488
MRT,2004,0.00544
MRT,2005,0.00594
MRT,2006,0.00714
MRT,2007,0.00274
MRT,2008,0.00449
MRT,2009,0.00463
MRT,2010,0.00767
MRT,2011,0.00612
MRT,2012,0.01068
MRT,2013,0.00122
MRT,2014,0.00482
MRT,2015,0.00058
MWI,1995,0.09266
MWI,1996,0.08373
MWI,1997,0.09899
MWI,1998,0.08184
MWI,1999,0.06855
MWI,2000,0.09718
MWI,2001,0.07104
MWI,2002,0.06063
MWI,2003,0.04569
MWI,2004,0.08313
MWI,2005,0.08601
MWI,2006,0.08401
MWI,2007,0.07106
MWI,2008,0.08958
MWI,2009,0.08348
MWI,2010,0.09324
MWI,2011,0.08921
MWI,2012,0.06750
MWI,2013,0.06454
MWI,2014,0.10301
MWI,2015,0.09152
MYS,1995,1.05280
MYS,1996,1.16340
MYS,1997,1.17290
MYS,1998,1.23700
MYS,1999,1.18640
MYS,2000,1.37030
MYS,2001,1.34290
MYS,2002,1.33720
MYS,2003,1.32790
MYS,2004,1.50120
MYS,2005,1.44850
MYS,2006,1.50080
MYS,2007,1.59320
MYS,2008,1.97390
MYS,2009,1.80310
MYS,2010,1.86150
MYS,2011,1.93320
MYS,2012,1.99090
MYS,2013,1.87880
MYS,2014,1.82200
MYS,2015,2.13343
NER,1995,0.09589
NER,1996,0.10338
NER,1997,0.13496
NER,1998,0.12809
NER,1999,0.15433
NER,2000,0.14546
NER,2001,0.11426
NER,2002,0.20927
NER,2003,0.19653
NER,2004,0.06149
NER,2005,0.11356
NER,2006,0.17736
NER,2007,0.13161
NER,2008,0.09033
NER,2009,0.05151
NER,2010,0.03796
NER,2011,0.02684
NER,2012,0.02392
NER,2013,0.01253
NER,2014,0.03742
NER,2015,0.01131
NGA,1995,0.00243
NGA,1996,0.00989
NGA,1997,0.00223
NGA,1998,0.00872
NGA,1999,0.00845
NGA,2000,0.00082
NGA,2001,0.00138
NGA,2002,0.01147
NGA,2003,0.00689
NGA,2004,0.00051
NGA,2005,0.00019
NGA,2006,0.00158
NGA,2007,0.00807
NGA,2008,0.00779
NGA,2009,0.02846
NGA,2010,0.01226
NGA,2011,0.00310
NGA,2012,0.01363
NGA,2013,0.01133
NGA,2014,0.00954
NGA,2015,0.00000
NIC,1995,0.14439
NIC,1996,0.12737
NIC,1997,0.10595
NIC,1998,0.15204
NIC,1999,0.15977
NIC,2000,0.15464
NIC,2001,0.14509
NIC,2002,0.23324
NIC,2003,0.15536
NIC,2004,0.12817
NIC,2005,0.11579
NIC,2006,0.16938
NIC,2007,0.16133
NIC,2008,0.16856
NIC,2009,0.14367
NIC,2010,0.13548
NIC,2011,0.12844
NIC,2012,0.18133
NIC,2013,0.14148
NIC,2014,0.10216
NIC,2015,0.09854
NLD,1995,4.96460
NLD,1996,4.70520
NLD,1997,4.43160
NLD,1998,4.34030
NLD,1999,4.48040
NLD,2000,3.93980
NLD,2001,4.09370
NLD,2002,4.01770
NLD,2003,3.87280
NLD,2004,3.90460
NLD,2005,3.78800
NLD,2006,3.94540
NLD,2007,3.79540
NLD,2008,3.69340
NLD,2009,3.85010
NLD,2010,3.51090
NLD,2011,3.69410
NLD,2012,3.26900
NLD,2013,3.19350
NLD,2014,3.78870
NLD,2015,3.81434
NOR,1995,1.06080
NOR,1996,0.95932
NOR,1997,0.90993
NOR,1998,1.11080
NOR,1999,1.06120
NOR,2000,0.83635
NOR,2001,0.77247
NOR,2002,0.81100
NOR,2003,0.76938
NOR,2004,0.79630
NOR,2005,0.66277
NOR,2006,0.62118
NOR,2007,0.69850
NOR,2008,0.57004
NOR,2009,0.61325
NOR,2010,0.62307
NOR,2011,0.46158
NOR,2012,0.50930
NOR,2013,0.51789
NOR,2014,0.55034
NOR,2015,0.59723
NPL,1995,0.08477
NPL,1996,0.10277
NPL,1997,0.15785
NPL,1998,0.27601
NPL,1999,0.27949
NPL,2000,0.32289
NPL,2001,0.41442
NPL,2002,0.48849
NPL,2003,0.79179
NPL,2004,0.46974
NPL,2005,0.55871
NPL,2006,0.61127
NPL,2007,0.55567
NPL,2008,0.57569
NPL,2009,1.04790
NPL,2010,0.75414
NPL,2011,0.71503
NPL,2012,0.67358
NPL,2013,0.59039
NPL,2014,0.60773
NPL,2015,0.50233
NZL,1995,0.76062
NZL,1996,0.73081
NZL,1997,0.77881
NZL,1998,0.93496
NZL,1999,0.95098
NZL,2000,0.96700
NZL,2001,0.89163
NZL,2002,0.90314
NZL,2003,0.93619
NZL,2004,1.02930
NZL,2005,1.06190
NZL,2006,1.05940
NZL,2007,0.99617
NZL,2008,0.90872
NZL,2009,0.78335
NZL,2010,0.72083
NZL,2011,0.77461
NZL,2012,0.75812
NZL,2013,0.68935
NZL,2014,0.62542
NZL,2015,0.65172
OMN,1995,0.08466
OMN,1996,0.09935
OMN,1997,0.09246
OMN,1998,0.17657
OMN,1999,0.18378
OMN,2000,0.13259
OMN,2001,0.10683
OMN,2002,0.15879
OMN,2003,0.04155
OMN,2004,0.10957
OMN,2005,0.09755
OMN,2006,0.10063
OMN,2007,0.10637
OMN,2008,0.08471
OMN,2009,0.08239
OMN,2010,0.10071
OMN,2011,0.09118
OMN,2012,0.09284
OMN,2013,0.09130
OMN,2014,0.06276
OMN,2015,0.09619
PAK,1995,0.41299
PAK,1996,0.44049
PAK,1997,0.43377
PAK,1998,0.52464
PAK,1999,0.53478
PAK,2000,0.54465
PAK,2001,0.59506
PAK,2002,0.62398
PAK,2003,0.85184
PAK,2004,0.96121
PAK,2005,1.00830
PAK,2006,1.12750
PAK,2007,1.09200
PAK,2008,1.09120
PAK,2009,1.20130
PAK,2010,1.11570
PAK,2011,1.30090
PAK,2012,1.13590
PAK,2013,1.16230
PAK,2014,1.07500
PAK,2015,1.11525
PAN,1995,0.96284
PAN,1996,0.61509
PAN,1997,0.94916
PAN,1998,1.08770
PAN,1999,1.05430
PAN,2000,1.23550
PAN,2001,1.14620
PAN,2002,1.09340
PAN,2003,1.09460
PAN,2004,1.03840
PAN,2005,1.00570
PAN,2006,1.61310
PAN,2007,2.02510
PAN,2008,2.18620
PAN,2009,1.79080
PAN,2010,2.14450
PAN,2011,1.97310
PAN,2012,2.36550
PAN,2013,1.58910
PAN,2014,0.51843
PAN,2015,0.75476
PER,1995,0.27603
PER,1996,0.27147
PER,1997,0.31160
PER,1998,0.37814
PER,1999,0.35547
PER,2000,0.39814
PER,2001,0.46104
PER,2002,0.42964
PER,2003,0.43536
PER,2004,0.36198
PER,2005,0.35851
PER,2006,0.33659
PER,2007,0.34021
PER,2008,0.36422
PER,2009,0.45066
PER,2010,0.38445
PER,2011,0.37622
PER,2012,0.47741
PER,2013,0.44575
PER,2014,0.40452
PER,2015,0.35286
PHL,1995,0.67803
PHL,1996,0.72516
PHL,1997,0.69204
PHL,1998,0.72819
PHL,1999,0.73938
PHL,2000,0.77543
PHL,2001,0.90200
PHL,2002,0.90166
PHL,2003,0.80757
PHL,2004,0.86137
PHL,2005,0.84464
PHL,2006,0.96677
PHL,2007,0.98403
PHL,2008,1.05940
PHL,2009,0.98541
PHL,2010,0.98664
PHL,2011,1.26680
PHL,2012,1.46790
PHL,2013,1.38250
PHL,2014,1.80310
PHL,2015,1.82448
POL,1995,1.88240
POL,1996,1.88250
POL,1997,2.06050
POL,1998,2.17460
POL,1999,2.12820
POL,2000,2.14000
POL,2001,2.03810
POL,2002,2.13260
POL,2003,2.19320
POL,2004,2.23280
POL,2005,2.35640
POL,2006,2.34500
POL,2007,2.41020
POL,2008,2.45220
POL,2009,2.27190
POL,2010,2.44390
POL,2011,2.55610
POL,2012,2.57920
POL,2013,2.58280
POL,2014,2.56000
POL,2015,2.47483
PRK,1995,1.06190
PRK,1996,1.33060
PRK,1997,0.99077
PRK,1998,1.42750
PRK,1999,1.40420
PRK,2000,1.55430
PRK,2001,1.55170
PRK,2002,1.43700
PRK,2003,1.06230
PRK,2004,1.13360
PRK,2005,1.22380
PRK,2006,1.49010
PRK,2007,1.34910
PRK,2008,1.03490
PRK,2009,0.95268
PRK,2010,0.78698
PRK,2011,0.53289
PRK,2012,0.65310
PRK,2013,0.46417
PRK,2014,0.47192
PRK,2015,0.48377
PRT,1995,1.38540
PRT,1996,1.33220
PRT,1997,1.43230
PRT,1998,1.53640
PRT,1999,1.53520
PRT,2000,1.71370
PRT,2001,1.69820
PRT,2002,1.62110
PRT,2003,1.70740
PRT,2004,1.87340
PRT,2005,1.84860
PRT,2006,2.02820
PRT,2007,2.20210
PRT,2008,2.33760
PRT,2009,2.24870
PRT,2010,2.39570
PRT,2011,2.58120
PRT,2012,2.49790
PRT,2013,2.55240
PRT,2014,2.45230
PRT,2015,2.34906
PRY,1995,0.14382
PRY,1996,0.12635
PRY,1997,0.13116
PRY,1998,0.12192
PRY,1999,0.12897
PRY,2000,0.12058
PRY,2001,0.12130
PRY,2002,0.12744
PRY,2003,0.11664
PRY,2004,0.10269
PRY,2005,0.14363
PRY,2006,0.14637
PRY,2007,0.16295
PRY,2008,0.12732
PRY,2009,0.14566
PRY,2010,0.13473
PRY,2011,0.12880
PRY,2012,0.14328
PRY,2013,0.12589
PRY,2014,0.11123
PRY,2015,0.08901
QAT,1995,0.00222
QAT,1996,0.00015
QAT,1997,0.00000
QAT,1998,0.00403
QAT,1999,0.00428
QAT,2000,0.00823
QAT,2001,0.00539
QAT,2002,0.02157
QAT,2003,0.01968
QAT,2004,0.02210
QAT,2005,0.01821
QAT,2006,0.00694
QAT,2007,0.00665
QAT,2008,0.00169
QAT,2009,0.01470
QAT,2010,0.04875
QAT,2011,0.00503
QAT,2012,0.00000
QAT,2013,0.00000
QAT,2014,0.00000
QAT,2015,0.03430
ROU,1995,1.51430
ROU,1996,1.30770
ROU,1997,1.39210
ROU,1998,1.30160
ROU,1999,1.32360
ROU,2000,1.28950
ROU,2001,1.34710
ROU,2002,1.27620
ROU,2003,1.37870
ROU,2004,1.44940
ROU,2005,1.37030
ROU,2006,1.45660
ROU,2007,1.64800
ROU,2008,1.71960
ROU,2009,1.63890
ROU,2010,1.70870
ROU,2011,1.63550
ROU,2012,1.73740
ROU,2013,1.98190
ROU,2014,1.76220
ROU,2015,1.75149
RUS,1995,0.74716
RUS,1996,1.14730
RUS,1997,1.21010
RUS,1998,1.29610
RUS,1999,1.36160
RUS,2000,1.24100
RUS,2001,1.34280
RUS,2002,1.36270
RUS,2003,1.35010
RUS,2004,1.12080
RUS,2005,0.85617
RUS,2006,0.92522
RUS,2007,0.82338
RUS,2008,0.74733
RUS,2009,0.72380
RUS,2010,0.73937
RUS,2011,0.60945
RUS,2012,0.67992
RUS,2013,0.57328
RUS,2014,0.63192
RUS,2015,0.85163
RWA,1995,0.00569
RWA,1996,0.03458
RWA,1997,0.02375
RWA,1998,0.01231
RWA,1999,0.01655
RWA,2000,0.02709
RWA,2001,0.02854
RWA,2002,0.04574
RWA,2003,0.03662
RWA,2004,0.01081
RWA,2005,0.10289
RWA,2006,0.07536
RWA,2007,0.11427
RWA,2008,0.10286
RWA,2009,0.23169
RWA,2010,0.15029
RWA,2011,0.08335
RWA,2012,0.07667
RWA,2013,0.08248
RWA,2014,0.12003
RWA,2015,0.12144
SAU,1995,0.13243
SAU,1996,0.11688
SAU,1997,0.02323
SAU,1998,0.26974
SAU,1999,0.06350
SAU,2000,0.04485
SAU,2001,0.14751
SAU,2002,0.05850
SAU,2003,0.15048
SAU,2004,0.04551
SAU,2005,0.11485
SAU,2006,0.11114
SAU,2007,0.18232
SAU,2008,0.03918
SAU,2009,0.02691
SAU,2010,0.04455
SAU,2011,0.00890
SAU,2012,0.02017
SAU,2013,0.05587
SAU,2014,0.08038
SAU,2015,0.41415
SDN,1995,0.01341
SDN,1996,0.02829
SDN,1997,0.01800
SDN,1998,0.03992
SDN,1999,0.04397
SDN,2000,0.01751
SDN,2001,0.00618
SDN,2002,0.02138
SDN,2003,0.00956
SDN,2004,0.00450
SDN,2005,0.00471
SDN,2006,0.00506
SDN,2007,0.00012
SDN,2008,0.00179
SDN,2009,0.00067
SDN,2010,0.00005
SDN,2011,0.00000
SEN,1995,0.03701
SEN,1996,0.17083
SEN,1997,0.17111
SEN,1998,0.25800
SEN,1999,0.21064
SEN,2000,0.27202
SEN,2001,0.30538
SEN,2002,0.28286
SEN,2003,0.36619
SEN,2004,0.40262
SEN,2005,0.40313
SEN,2006,0.39536
SEN,2007,0.52700
SEN,2008,0.28166
SEN,2009,0.25679
SEN,2010,0.24911
SEN,2011,0.19777
SEN,2012,0.25159
SEN,2013,0.20364
SEN,2014,0.26880
SEN,2015,0.15955
SGP,1995,1.68450
SGP,1996,1.51870
SGP,1997,1.46560
SGP,1998,1.60750
SGP,1999,1.67620
SGP,2000,1.76780
SGP,2001,1.95300
SGP,2002,1.73770
SGP,2003,1.80430
SGP,2004,1.77400
SGP,2005,1.54280
SGP,2006,1.75400
SGP,2007,1.98040
SGP,2008,2.05980
SGP,2009,1.87510
SGP,2010,1.80630
SGP,2011,1.84760
SGP,2012,1.64180
SGP,2013,1.70250
SGP,2014,1.72450
SGP,2015,2.29557
SLE,1995,0.14373
SLE,1996,0.16547
SLE,1997,0.24334
SLE,1998,0.33585
SLE,1999,0.40369
SLE,2000,0.32021
SLE,2001,0.41622
SLE,2002,0.57664
SLE,2003,0.59379
SLE,2004,0.61598
SLE,2005,0.59680
SLE,2006,0.35308
SLE,2007,0.22678
SLE,2008,0.18957
SLE,2009,0.30576
SLE,2010,0.28960
SLE,2011,0.16244
SLE,2012,0.08372
SLE,2013,0.03260
SLE,2014,0.01458
SLE,2015,0.12247
SLV,1995,0.32847
SLV,1996,0.33383
SLV,1997,0.38233
SLV,1998,0.46360
SLV,1999,0.47085
SLV,2000,0.45311
SLV,2001,0.48137
SLV,2002,0.56455
SLV,2003,0.57827
SLV,2004,0.57681
SLV,2005,0.57419
SLV,2006,0.58207
SLV,2007,0.55034
SLV,2008,0.59991
SLV,2009,0.57023
SLV,2010,0.52171
SLV,2011,0.53877
SLV,2012,0.63274
SLV,2013,0.69390
SLV,2014,0.67223
SLV,2015,0.64488
SOM,1995,0.00096
SOM,1996,0.00127
SOM,1997,0.00293
SOM,1998,0.00979
SOM,1999,0.02315
SOM,2000,0.03458
SOM,2001,0.03428
SOM,2002,0.07630
SOM,2003,0.06480
SOM,2004,0.02040
SOM,2005,0.03305
SOM,2006,0.04467
SOM,2007,0.10917
SOM,2008,0.03648
SOM,2009,0.00420
SOM,2010,0.00169
SOM,2011,0.00000
SOM,2012,0.00000
SOM,2013,0.00000
SOM,2014,0.00085
SOM,2015,0.00027
SRB,2005,1.01820
SRB,2006,1.17070
SRB,2007,1.24690
SRB,2008,1.27730
SRB,2009,1.21450
SRB,2010,1.07160
SRB,2011,1.11550
SRB,2012,1.19570
SRB,2013,1.12190
SRB,2014,1.10860
SRB,2015,1.04120
SUR,1995,0.02436
SUR,1996,0.01018
SUR,1997,0.00856
SUR,1998,0.00627
SUR,1999,0.01775
SUR,2000,0.06712
SUR,2001,0.05088
SUR,2002,0.06703
SUR,2003,0.07800
SUR,2004,0.04212
SUR,2005,0.04143
SUR,2006,0.06615
SUR,2007,0.05564
SUR,2008,0.02898
SUR,2009,0.06559
SUR,2010,0.01601
SUR,2011,0.06893
SUR,2012,0.03573
SUR,2013,0.02341
SUR,2014,0.03992
SUR,2015,0.00345
SVK,1995,1.85880
SVK,1996,1.86720
SVK,1997,1.89040
SVK,1998,1.69550
SVK,1999,1.68050
SVK,2000,1.48120
SVK,2001,1.52040
SVK,2002,1.50850
SVK,2003,1.48760
SVK,2004,1.47530
SVK,2005,1.67870
SVK,2006,1.61110
SVK,2007,1.62580
SVK,2008,1.68290
SVK,2009,1.63740
SVK,2010,1.68000
SVK,2011,1.74660
SVK,2012,1.81350
SVK,2013,1.67190
SVK,2014,1.67780
SVK,2015,1.52507
SVN,1995,2.39970
SVN,1996,2.39000
SVN,1997,2.34220
SVN,1998,2.32670
SVN,1999,2.42980
SVN,2000,2.42290
SVN,2001,2.31070
SVN,2002,2.32100
SVN,2003,2.24940
SVN,2004,2.31820
SVN,2005,2.27070
SVN,2006,2.38820
SVN,2007,2.30630
SVN,2008,2.21850
SVN,2009,2.13810
SVN,2010,2.20180
SVN,2011,2.27280
SVN,2012,2.17080
SVN,2013,2.29080
SVN,2014,2.33310
SVN,2015,2.26749
SWE,1995,3.36690
SWE,1996,3.23440
SWE,1997,3.21090
SWE,1998,3.28040
SWE,1999,3.11290
SWE,2000,2.77340
SWE,2001,2.98330
SWE,2002,3.02680
SWE,2003,2.80410
SWE,2004,2.86370
SWE,2005,2.75120
SWE,2006,2.71760
SWE,2007,2.83030
SWE,2008,2.62380
SWE,2009,2.63400
SWE,2010,2.77010
SWE,2011,2.77610
SWE,2012,2.64030
SWE,2013,2.71620
SWE,2014,2.77460
SWE,2015,2.46641
SYR,1995,0.07577
SYR,1996,0.10472
SYR,1997,0.09899
SYR,1998,0.24083
SYR,1999,0.24535
SYR,2000,0.20007
SYR,2001,0.29161
SYR,2002,0.31839
SYR,2003,0.43459
SYR,2004,0.47940
SYR,2005,0.64125
SYR,2006,0.76593
SYR,2007,0.83598
SYR,2008,0.71276
SYR,2009,0.84797
SYR,2010,0.85622
SYR,2011,0.71844
SYR,2012,1.04170
SYR,2013,0.83030
SYR,2014,0.49350
SYR,2015,0.48364
TCD,1995,0.00000
TCD,1996,0.00000
TCD,1997,0.00000
TCD,1998,0.00000
TCD,1999,0.00250
TCD,2000,0.00041
TCD,2001,0.00763
TCD,2002,0.04328
TCD,2003,0.00583
TCD,2004,0.00000
TCD,2005,0.00000
TCD,2006,0.00000
TCD,2007,0.00000
TCD,2008,0.00000
TCD,2009,0.00000
TCD,2010,0.00000
TCD,2011,0.00000
TCD,2012,0.00000
TCD,2013,0.00000
TCD,2014,0.00000
TCD,2015,0.00000
TGO,1995,0.11920
TGO,1996,0.14048
TGO,1997,0.16951
TGO,1998,0.14877
TGO,1999,0.15394
TGO,2000,0.16592
TGO,2001,0.17985
TGO,2002,0.24050
TGO,2003,0.21595
TGO,2004,0.18964
TGO,2005,0.27582
TGO,2006,0.20127
TGO,2007,0.20391
TGO,2008,0.15857
TGO,2009,0.18564
TGO,2010,0.16418
TGO,2011,0.16292
TGO,2012,0.18024
TGO,2013,0.21552
TGO,2014,0.17841
TGO,2015,0.14002
THA,1995,1.68880
THA,1996,1.53230
THA,1997,1.76960
THA,1998,1.74610
THA,1999,1.78170
THA,2000,2.21070
THA,2001,2.06640
THA,2002,2.19310
THA,2003,2.09400
THA,2004,2.13670
THA,2005,2.05190
THA,2006,2.25270
THA,2007,2.41530
THA,2008,2.42690
THA,2009,2.38950
THA,2010,2.39020
THA,2011,2.54140
THA,2012,2.40830
THA,2013,2.47780
THA,2014,2.58550
THA,2015,2.67372
TJK,1995,0.06497
TJK,1996,0.13224
TJK,1997,0.13271
TJK,1998,0.17472
TJK,1999,0.15364
TJK,2000,0.10272
TJK,2001,0.09462
TJK,2002,0.11267
TJK,2003,0.08200
TJK,2004,0.08529
TJK,2005,0.07199
TJK,2006,0.07549
TJK,2007,0.05155
TJK,2008,0.05969
TJK,2009,0.06130
TJK,2010,0.07432
TJK,2011,0.07990
TJK,2012,0.04666
TJK,2013,0.04737
TJK,2014,0.08146
TJK,2015,0.03155
TKM,1995,0.01899
TKM,1996,0.03170
TKM,1997,0.01907
TKM,1998,0.08866
TKM,1999,0.06125
TKM,2000,0.02982
TKM,2001,0.02879
TKM,2002,0.02740
TKM,2003,0.01763
TKM,2004,0.02199
TKM,2005,0.01399
TKM,2006,0.01176
TKM,2007,0.01060
TKM,2008,0.00872
TKM,2009,0.02035
TKM,2010,0.03355
TKM,2011,0.00929
TKM,2012,0.00296
TKM,2013,0.00043
TKM,2014,0.00000
TKM,2015,0.00136
TUN,1995,0.52585
TUN,1996,0.53871
TUN,1997,0.57131
TUN,1998,0.59513
TUN,1999,0.60329
TUN,2000,0.69480
TUN,2001,0.73097
TUN,2002,0.81731
TUN,2003,0.83916
TUN,2004,0.86283
TUN,2005,0.88685
TUN,2006,0.94732
TUN,2007,0.96450
TUN,2008,0.98797
TUN,2009,1.09360
TUN,2010,1.16650
TUN,2011,1.17420
TUN,2012,1.19040
TUN,2013,1.04970
TUN,2014,1.00090
TUN,2015,1.07402
TUR,1995,1.14750
TUR,1996,1.36160
TUR,1997,1.60440
TUR,1998,1.74100
TUR,1999,1.72080
TUR,2000,1.89120
TUR,2001,1.94460
TUR,2002,1.89570
TUR,2003,1.92740
TUR,2004,1.90180
TUR,2005,2.13890
TUR,2006,2.31750
TUR,2007,2.25350
TUR,2008,2.22830
TUR,2009,2.41680
TUR,2010,2.48310
TUR,2011,2.74860
TUR,2012,2.50560
TUR,2013,2.69730
TUR,2014,2.88950
TUR,2015,2.56073
TZA,1995,0.03344
TZA,1996,0.04365
TZA,1997,0.07509
TZA,1998,0.22599
TZA,1999,0.30074
TZA,2000,0.18153
TZA,2001,0.22707
TZA,2002,0.22976
TZA,2003,0.20782
TZA,2004,0.26561
TZA,2005,0.28882
TZA,2006,0.28140
TZA,2007,0.36788
TZA,2008,0.40503
TZA,2009,0.36712
TZA,2010,0.38284
TZA,2011,0.31076
TZA,2012,0.33800
TZA,2013,0.27978
TZA,2014,0.22094
TZA,2015,0.13177
UGA,1995,0.07251
UGA,1996,0.05741
UGA,1997,0.08442
UGA,1998,0.06614
UGA,1999,0.05755
UGA,2000,0.09442
UGA,2001,0.14251
UGA,2002,0.13993
UGA,2003,0.17902
UGA,2004,0.15351
UGA,2005,0.20702
UGA,2006,0.17425
UGA,2007,0.22308
UGA,2008,0.23391
UGA,2009,0.37239
UGA,2010,0.32334
UGA,2011,0.31770
UGA,2012,0.33515
UGA,2013,0.29711
UGA,2014,0.24534
UGA,2015,0.21751
UKR,1995,0.64156
UKR,1996,1.58690
UKR,1997,1.37220
UKR,1998,1.22530
UKR,1999,1.39300
UKR,2000,1.36130
UKR,2001,1.26300
UKR,2002,1.26910
UKR,2003,1.23030
UKR,2004,1.22290
UKR,2005,1.21610
UKR,2006,1.21350
UKR,2007,1.27550
UKR,2008,1.16480
UKR,2009,1.32200
UKR,2010,1.33060
UKR,2011,0.88526
UKR,2012,1.00320
UKR,2013,1.09160
UKR,2014,0.96492
UKR,2015,0.78189
URY,1995,0.74337
URY,1996,0.48999
URY,1997,0.61943
URY,1998,0.56195
URY,1999,0.61205
URY,2000,0.56575
URY,2001,0.55814
URY,2002,0.51180
URY,2003,0.44167
URY,2004,0.47861
URY,2005,0.63931
URY,2006,0.58981
URY,2007,0.61876
URY,2008,0.52805
URY,2009,0.52577
URY,2010,0.46737
URY,2011,0.44353
URY,2012,0.35751
URY,2013,0.34783
URY,2014,0.31590
URY,2015,0.29235
USA,1995,7.44090
USA,1996,6.82770
USA,1997,6.81480
USA,1998,6.49800
USA,1999,6.80090
USA,2000,6.38080
USA,2001,6.05500
USA,2002,6.15070
USA,2003,5.98140
USA,2004,6.26310
USA,2005,6.04940
USA,2006,5.85630
USA,2007,5.60070
USA,2008,5.30920
USA,2009,5.12510
USA,2010,5.51020
USA,2011,5.75360
USA,2012,5.48590
USA,2013,5.30300
USA,2014,5.32150
USA,2015,5.26367
UZB,1995,0.02013
UZB,1996,0.20037
UZB,1997,0.19076
UZB,1998,0.22466
UZB,1999,0.22723
UZB,2000,0.23698
UZB,2001,0.26029
UZB,2002,0.26263
UZB,2003,0.27906
UZB,2004,0.21196
UZB,2005,0.21012
UZB,2006,0.15481
UZB,2007,0.13353
UZB,2008,0.14498
UZB,2009,0.17530
UZB,2010,0.22017
UZB,2011,0.18766
UZB,2012,0.21320
UZB,2013,0.15191
UZB,2014,0.18654
UZB,2015,0.19160
VEN,1995,0.25086
VEN,1996,0.19595
VEN,1997,0.21275
VEN,1998,0.36451
VEN,1999,0.17400
VEN,2000,0.12529
VEN,2001,0.15188
VEN,2002,0.15773
VEN,2003,0.13968
VEN,2004,0.12099
VEN,2005,0.10213
VEN,2006,0.06804
VEN,2007,0.04652
VEN,2008,0.02437
VEN,2009,0.02874
VEN,2010,0.01941
VEN,2011,0.00571
VEN,2012,0.00000
VEN,2013,0.00313
VEN,2014,0.00000
VEN,2015,0.00008
VNM,1995,0.26026
VNM,1996,0.34549
VNM,1997,0.45242
VNM,1998,0.50304
VNM,1999,0.58929
VNM,2000,0.71028
VNM,2001,0.86349
VNM,2002,0.91323
VNM,2003,0.99869
VNM,2004,0.99677
VNM,2005,1.09660
VNM,2006,1.20910
VNM,2007,1.22720
VNM,2008,1.32160
VNM,2009,1.46800
VNM,2010,1.52260
VNM,2011,1.57140
VNM,2012,1.37040
VNM,2013,1.43040
VNM,2014,1.37340
VNM,2015,1.39133
YEM,1995,0.00020
YEM,1996,0.00005
YEM,1997,0.00000
YEM,1998,0.00707
YEM,1999,0.00256
YEM,2000,0.00420
YEM,2001,0.01068
YEM,2002,0.01421
YEM,2003,0.00689
YEM,2004,0.03176
YEM,2005,0.02978
YEM,2006,0.03762
YEM,2007,0.05439
YEM,2008,0.04610
YEM,2009,0.05798
YEM,2010,0.03478
YEM,2011,0.03919
YEM,2012,0.03093
YEM,2013,0.01686
YEM,2014,0.03496
YEM,2015,0.07417
ZAF,1995,0.94555
ZAF,1996,0.82188
ZAF,1997,0.86705
ZAF,1998,0.89442
ZAF,1999,1.49110
ZAF,2000,1.39080
ZAF,2001,1.52880
ZAF,2002,1.40910
ZAF,2003,1.43830
ZAF,2004,1.47250
ZAF,2005,1.22510
ZAF,2006,1.17830
ZAF,2007,1.02420
ZAF,2008,0.99972
ZAF,2009,1.13540
ZAF,2010,1.04500
ZAF,2011,0.99019
ZAF,2012,1.00670
ZAF,2013,1.04360
ZAF,2014,1.01670
ZAF,2015,0.97843
ZMB,1995,0.06962
ZMB,1996,0.02796
ZMB,1997,0.11811
ZMB,1998,0.24401
ZMB,1999,0.25267
ZMB,2000,0.19920
ZMB,2001,0.13699
ZMB,2002,0.18257
ZMB,2003,0.16119
ZMB,2004,0.10726
ZMB,2005,0.05896
ZMB,2006,0.06138
ZMB,2007,0.07756
ZMB,2008,0.08900
ZMB,2009,0.09762
ZMB,2010,0.07123
ZMB,2011,0.05260
ZMB,2012,0.07251
ZMB,2013,0.11341
ZMB,2014,0.07184
ZMB,2015,0.06531
ZWE,1995,0.40779
ZWE,1996,0.19333
ZWE,1997,0.15889
ZWE,1998,0.26544
ZWE,1999,0.31290
ZWE,2000,0.43621
ZWE,2001,0.32257
ZWE,2002,0.38231
ZWE,2003,0.38053
ZWE,2004,0.35802
ZWE,2005,0.29110
ZWE,2006,0.20396
ZWE,2007,0.27656
ZWE,2008,0.27363
ZWE,2009,0.17235
ZWE,2010,0.14691
ZWE,2011,0.15975
ZWE,2012,0.14047
ZWE,2013,0.15179
ZWE,2014,0.16395
ZWE,2015,0.10782
