Country,CountryCode,Female researchers as a percentage of total researchers (FTE) - Agricultural and veterinary sciences,Female researchers as a percentage of total researchers (FTE) - Business enterprise,Female researchers as a percentage of total researchers (FTE) - Engineering and technology,Female researchers as a percentage of total researchers (FTE) - Government,Female researchers as a percentage of total researchers (FTE) - Higher education,Female researchers as a percentage of total researchers (FTE) - Humanities and the arts,Female researchers as a percentage of total researchers (FTE) - Medical and health sciences,Female researchers as a percentage of total researchers (FTE) - Natural sciences,Female researchers as a percentage of total researchers (FTE) - Natural sciences and engineering (sub-total),Female researchers as a percentage of total researchers (FTE) - Not specified fields,Female researchers as a percentage of total researchers (FTE) - Private non-profit,Female researchers as a percentage of total researchers (FTE) - Social sciences,Female researchers as a percentage of total researchers (FTE) - Social sciences and humanities (sub-total),Female researchers as a percentage of total researchers (HC) - 25-34 years,Female researchers as a percentage of total researchers (HC) - 35-44 years,Female researchers as a percentage of total researchers (HC) - 45-54 years,Female researchers as a percentage of total researchers (HC) - 55-64 years,Female researchers as a percentage of total researchers (HC) - 65 years and more,Female researchers as a percentage of total researchers (HC) - Under 25 years,GERD - Agricultural and veterinary sciences %,GERD - Agricultural and veterinary sciences (in 000 current PPP$),GERD - Applied research %,GERD - Applied research (in 000 current PPP$),GERD - Basic research %,GERD - Basic research (in 000 current PPP$),GERD - Engineering and technology %,GERD - Engineering and technology (in 000 current PPP$),GERD - Experimental development %,GERD - Experimental development (in 000 current PPP$),GERD - financed by Business enterprise %,GERD - financed by Government %,GERD - financed by Higher education %,GERD - financed by Not specified source %,GERD - financed by Private non-profit %,GERD - financed by Rest of the world (abroad) %,GERD - Humanities and the arts %,GERD - Humanities and the arts (in 000 current PPP$),GERD - Medical and health sciences %,GERD - Medical and health sciences (in 000 current PPP$),GERD - Natural sciences %,GERD - Natural sciences (in 000 current PPP$),GERD - Natural sciences and engineering (sub-total) %,GERD - Natural sciences and engineering (sub-total) (in 000 current PPP$),GERD - Not specified activities %,GERD - Not specified activities (in 000 current PPP$),GERD - Not specified fields %,GERD - Not specified fields (in 000 current PPP$),GERD - performed by business enterprise %,GERD - performed by business enterprise as a percentage of GDP,GERD - performed by government %,GERD - performed by government as a percentage of GDP,GERD - performed by higher education %,GERD - performed by higher education as a percentage of GDP,GERD - performed by Not specified sectors %,GERD - performed by private non-profit %,GERD - performed by private non-profit as a percentage of GDP,GERD - Social sciences %,GERD - Social sciences (in 000 current PPP$),GERD - Social sciences and humanities (sub-total) %,GERD - Social sciences and humanities (sub-total) (in 000 current PPP$),GERD per capita (in current PPP$),"GERD per researcher, FTE (in 000 current PPP$)",Other supporting staff as a percentage of total R&D personnel (HC),Researchers (FTE) - % Female,Researchers (FTE) - Agricultural and veterinary sciences %,Researchers (FTE) - Business enterprise %,Researchers (FTE) - Engineering and technology %,Researchers (FTE) - Government %,Researchers (FTE) - Higher education %,Researchers (FTE) - Humanities and the arts %,Researchers (FTE) - Medical and health sciences %,Researchers (FTE) - Natural sciences %,Researchers (FTE) - Natural sciences and engineering (sub-total) %,Researchers (FTE) - Not specified fields %,Researchers (FTE) - Not specified sectors %,Researchers (FTE) - Private non-profit %,Researchers (FTE) - Social sciences %,Researchers (FTE) - Social sciences and humanities (sub-total) %,Researchers (HC) - 25-34 years %,Researchers (HC) - 35-44 years %,Researchers (HC) - 45-54 years %,Researchers (HC) - 55-64 years %,Researchers (HC) - 65 years and more %,Researchers (HC) - Category A %,Researchers (HC) - Category B %,Researchers (HC) - Category C %,Researchers (HC) - Category D %,Researchers (HC) - Not specified age groups %,Researchers (HC) - Under 25 years %,Researchers as a percentage of total R&D personnel (HC),Researchers per million inhabitants (FTE),Technicians (FTE) - % Female,Technicians as a percentage of total R&D personnel (HC),Technicians per million inhabitants (FTE),Total R&D personnel (FTE) - % Female,Total R&D personnel per million inhabitants (FTE),Count
Africa (Northern),40603,,,,,,,,,,,,,,,,,,,,,,,,,,,,,,,,,,,,,,,,,,,,,,,,,,,,,,,,,,,,,66.05761,91.31348,,,,,,,,,,,,,,,,,,,,,,,,,,,,,723.41578,,,,,,1
Africa (Sub-Saharan),40606,,,,,,,,,,,,,,,,,,,,,,,,,,,,,,,,,,,,,,,,,,,,,,,,,,,,,,,,,,,,,14.4831,146.29519,,,,,,,,,,,,,,,,,,,,,,,,,,,,,98.99913,,,,,,1
Algeria,DZA,51.77215,52.81189,41.96632,38.00699,47.39016,,60.3325,68.54228,50.20587,30.30873,,50.98683,50.98683,,,,,,,,,50.02078,1714431.769,1.49845,51358.38317,50.74077,1739108.937,3.48545,119461.7301,6.74413,93.13113,0.06892,0.0312,,0.02463,,,1.59177,54557.06182,2.00073,68573.68383,54.33327,1862239.682,44.99532,1542187.371,43.89253,1504389.845,6.70347,0.03636,50.09868,0.27175,43.19785,0.23432,,,,1.7742,60809.72796,1.7742,60809.72796,82.81001,101.06883,2.43396,46.71332,2.10743,0.45618,28.21969,7.4769,92.06692,,13.77489,4.89317,48.99518,18.81639,,,32.18844,32.18844,,,,,,5.09631,6.11599,6.62842,81.1427,,,95.77186,819.3427,37.2915,1.79418,41.86166,45.89421,919.2154,1
Angola,AGO,23.62815,,19.43005,32.7955,25.16293,18.24818,45.74468,40.38585,32.42424,,,19.69824,19.4274,28.37209,33.76963,27.16049,23.88889,26.38889,100,21.18639,13333.36425,51.63732,32497.23934,33.07113,20812.86046,2.1093,1327.46071,15.29155,9623.52585,,100,,,,,,,15.86663,9985.44723,6.848,4309.69423,46.01033,28955.96643,,,,,,,50.91548,0.01644,49.08452,0.01585,,,,53.98967,33977.65921,53.98967,33977.65921,2.18198,115.96393,14.72364,28.911,28.54247,,7.11259,49.10632,50.89368,5.04883,8.6604,28.65303,72.96849,,,,21.98268,27.03151,15.35714,27.28571,28.92857,12.85714,15.42857,,,,,,0.14286,65.02555,18.81599,55.33333,20.25081,5.20066,33.571,28.69031,1
Arab States,40525,,,,,,,,,,,,,,,,,,,,,,,,,,,,,,,,,,,,,,,,,,,,,,,,,,,,,,,,,,,,,108.363,187.03112,,,,,,,,,,,,,,,,,,,,,,,,,,,,,579.38489,,,,,,1
Argentina,ARG,,31.87873,,54.1798,56.6168,,,,,,52.99401,,,56.47192,54.43411,54.61005,50.33433,41.94652,55.62476,8.56525,425806.185,50.754,2523144.699,26.30295,1307604.308,25.89444,1287295.914,22.94306,1140573.195,16.51611,72.63958,1.75414,,0.56539,8.52479,6.05479,301002.8717,6.45646,320971.4709,18.38776,914114.9303,59.30391,2948188.5,,,24.96925,1241301.901,24.96925,0.13521,48.15764,0.26078,25.95004,0.14052,,0.92307,0.005,9.67205,480828.9293,15.72684,781831.8011,113.14624,94.90335,10.46044,53.28357,,8.31186,,51.49571,39.55482,,,,,,,0.63761,,,29.79204,28.953,20.6383,13.6627,3.86585,,,,,,3.08811,76.00037,1192.22598,40.25641,13.53919,337.30006,49.8665,1790.12562,1
Armenia,ARM,,,,,,,,,,,,,,46.875,57.04584,55.9719,53.13589,45.5312,,2.31299,1333.25613,,,,,26.54698,15302.248,,,16.68838,68.65975,,9.09523,,5.55663,12.2658,7070.26689,3.55709,2050.38247,49.03237,28263.30433,81.44943,46949.19093,,,,,,,86.72255,0.16402,13.27745,0.02511,,,,6.28478,3622.68071,18.55057,10692.9476,19.52816,,10.1752,,,,,,,,,,,,,,,,17.9669,17.40544,12.6182,16.96217,35.04728,,,,,,,76.01078,,,3.77358,,,,1
Asia (Central and Southern),40618,,,,,,,,,,,,,,,,,,,,,,,,,,,,,,,,,,,,,,,,,,,,,,,,,,,,,,,,,,,,,39.49539,137.47387,,,,,,,,,,,,,,,,,,,,,,,,,,,,,287.29382,,,,,,1
Asia (Central),40612,,,,,,,,,,,,,,,,,,,,,,,,,,,,,,,,,,,,,,,,,,,,,,,,,,,,,,,,,,,,,16.17132,34.02662,,,,,,,,,,,,,,,,,,,,,,,,,,,,,475.25487,,,,,,1
Asia (Eastern and South-eastern),40619,,,,,,,,,,,,,,,,,,,,,,,,,,,,,,,,,,,,,,,,,,,,,,,,,,,,,,,,,,,,,369.70188,251.91078,,,,,,,,,,,,,,,,,,,,,,,,,,,,,1467.59054,,,,,,1
Asia (Eastern),40611,,,,,,,,,,,,,,,,,,,,,,,,,,,,,,,,,,,,,,,,,,,,,,,,,,,,,,,,,,,,,467.45652,264.63718,,,,,,,,,,,,,,,,,,,,,,,,,,,,,1766.4053,,,,,,1
Asia (South-eastern),40613,,,,,,,,,,,,,,,,,,,,,,,,,,,,,,,,,,,,,,,,,,,,,,,,,,,,,,,,,,,,,131.74983,177.98676,,,,,,,,,,,,,,,,,,,,,,,,,,,,,740.22267,,,,,,1
Asia (Southern),40616,,,,,,,,,,,,,,,,,,,,,,,,,,,,,,,,,,,,,,,,,,,,,,,,,,,,,,,,,,,,,40.37778,144.11218,,,,,,,,,,,,,,,,,,,,,,,,,,,,,280.18297,,,,,,1
Asia (Western),40614,,,,,,,,,,,,,,,,,,,,,,,,,,,,,,,,,,,,,,,,,,,,,,,,,,,,,,,,,,,,,244.89779,253.14373,,,,,,,,,,,,,,,,,,,,,,,,,,,,,967.42587,,,,,,1
Australia,AUS,,,,,,,,,,,,,,,,,,,,,,,,,,,,,,,,,,,,,,,,,,,,,,,,52.74212,0.98824,10.06896,0.18866,33.98161,0.63672,,3.2061,0.06007,,,,,931.02363,,,,,,,,,,,,,,,,,,,,,,,,,,,,,,,,,,,,1
Austria,AUT,,16.10124,,35.82538,36.43898,,,,,,46.32911,,,,,,,,,,,32.91777,4762302.865,17.56082,2540571.295,,,47.79817,6915091.233,54.18963,29.65585,0.78345,,0.6047,15.54982,,,,,,,,,1.65138,198296.0327,,,69.87239,2.21619,7.14453,0.22661,22.43784,0.71168,,0.54516,0.01729,,,,,1751.85471,305.56979,8.19113,23.65901,,63.02109,,7.71359,28.43551,,,,,,,0.82982,,,,,,,,,,,,,,63.83784,5733.07565,20.94965,27.97103,2648.10229,24.17314,9169.99686,1
Azerbaijan,AZE,,,,,,,,,,,,,,67.17808,66.71393,63.68226,55.23844,47.47951,,7.66102,25359.96702,19.38983,64185.40325,54.84746,181559.4099,42.37288,140265.3043,6.0339,19973.77933,30.77966,68.67797,,,0.54237,,11.18644,37030.04033,9.22034,30521.73021,23.38983,77426.44797,82.64407,273573.4495,19.72881,65307.52568,,,2.44068,,85.42373,0.1579,12.13559,0.02243,,,,6.16949,20422.62831,17.35593,57452.66864,33.2705,,11.44259,,,,,,,,,,,,,,,,12.66306,19.57397,20.61477,19.20622,27.94199,,,,,,,71.42078,,,8.77645,,,,1
Bahrain,BHR,,,28.30189,63.15789,39.86637,35.71429,62.5,37.5,41.09589,38.46154,50,43.379,42.14559,,,,,,,,,30.50276,19101.66683,25.27905,15830.43581,46.16506,28909.82857,23.17053,14510.02173,21.76918,41.49056,21.22132,1.07722,2.00015,12.44158,5.20368,3258.6866,6.92749,4338.18192,3.96605,2483.64956,57.05859,35731.66005,21.04767,13180.62812,5.64191,3533.12246,20.47348,0.02071,17.86989,0.01808,61.13062,0.06184,,0.52601,,32.09582,20099.28358,37.29949,23357.97018,46.87069,127.02384,5.38373,41.58215,0.20284,0.40568,21.50101,7.70791,91.07505,8.51927,14.60446,8.11359,44.42191,2.63692,,0.81136,44.42191,52.94118,,,,,,,,,,,,89.34708,368.99126,52.17391,4.98282,17.2146,42.17082,420.63507,1
Belarus,BLR,,,,,,,,,,,,,,38.87267,42.13904,51.24269,45.96591,33.29412,35.71429,4.50807,51906.35901,,,,,71.88682,827710.9793,,,44.9881,41.83826,,,,13.17364,1.06189,12226.72741,4.11056,47329.31763,14.93535,171966.8731,95.4408,1098913.529,,,,,68.74131,0.41806,21.64877,0.13166,9.60681,0.05843,,,,3.49731,40268.30858,4.5592,52495.03599,121.80844,,28.79866,,,,,,,,,,,,,,,,25.01123,15.75489,7.68367,9.88542,19.09683,,,,,,22.56796,64.95203,,,6.24932,,,,1
Belgium,BEL,,,,36.4247,43.87735,,,,,,48.21119,,,,,,,,,,,45.90783,6972927.799,10.98728,1668854.746,,,43.1049,6547191.737,63.49233,19.95529,2.99459,,0.51308,13.04471,,,,,,,,,,,,,70.53653,1.98997,9.49579,0.26789,19.37585,0.54663,,0.59183,0.0167,,,,,1413.5028,281.39136,,,,56.25889,,8.13135,34.64926,,,,,,,0.96224,,,,,,,,,,,,,,61.13626,5023.26301,,,,,7729.28272,1
Bermuda,BMU,,,,,,,,,,,,,,38.46154,54.54545,22.22222,25,,,,,96.23399,,,,,,,,,,,,,,,,,,96.23399,7578.63009,96.23399,7578.63009,3.76601,,3.76601,199.16348,3.76601,0.00979,,,,,,96.23399,0.25019,,,,,120.79945,,32.25806,,,,,,,,,,,,,,,,35.13514,29.72973,24.32432,10.81081,,,,,,,,59.67742,,,8.06452,,,,1
Bolivia (Plurinational State of),BOL,,,,,,,,,,,,,,,,,,,,,,,,,,,,,,,,,,,,,,,,,,,,,,,,,,,,,,,,,,,,,,,22.97538,,,,,,,,,,,,,,,,,,,,,,,,,,,57.72387,,,19.30075,,,,1
Bosnia and Herzegovina,BIH,47.45484,42.14123,38.0661,39.92933,48.21786,58.83621,75.43655,43.49245,44.09332,20,32.6087,49.2236,52.82988,58.76543,52.33786,41.84397,34.06593,11.32075,56,5.53831,5250.99856,32.61295,30921.09211,31.51726,29882.24118,32.32291,30646.10216,23.68168,22453.14763,28.93762,40.90583,9.7845,,0.00614,20.36591,10.8142,10253.19669,3.47276,3292.60453,24.14819,22895.4595,65.48217,62085.16475,12.18812,11555.83718,13.17332,12489.93002,34.77824,0.06914,16.07061,0.03195,48.16594,0.09576,,0.9852,,10.53031,9984.02663,21.34451,20237.22332,28.5242,60.5288,8.4122,47.46553,7.77579,8.40781,31.29469,1.80669,89.19816,14.81103,5.48391,15.64734,60.20174,0.3192,,0.58733,24.66803,39.47906,20.4236,33.43419,28.44175,13.76702,2.67272,,,,,,1.26072,69.50578,471.2501,56.94034,7.11532,50.93376,49.90301,666.8923,1
Botswana,BWA,,50,,32.75862,26.82927,,,,,,35,,,,,,,,,,,,,,,,,,,17.68161,59.71002,0.9458,,,21.66258,,,,,,,,,,,,,17.68161,0.095,13.13257,0.07056,50.5703,0.2717,,18.61551,0.10002,,,,,87.63033,473.14599,36.59674,30.62827,,1.04712,,45.54974,42.93194,,,,,,,10.4712,,,,,,,,,,,,,,44.28904,185.20781,34.49612,19.11422,125.088,37.47941,588.59236,1
Brazil,BRA,,,,,,,,,,,,,,,,,,,,,,,,,,,,,,47.46452,49.72467,2.81081,,,,,,,,,,,,,,,,,,,,,,,,,,,,,197.85517,234.27993,,,,26.61718,,3.40687,71.3977,,,,,,,0.74838,,,,,,,,,,,,,,53.566,887.67844,,49.37316,969.90222,,1560.90421,1
Brunei Darussalam,BRN,,,,,,,,,,,,,,61.11111,56.27706,33.75796,27.94118,5.88235,,10.81341,10402.90213,40.28071,38751.5288,36.42897,35046.01764,16.67284,16039.88459,16.43497,15811.04425,,97.02166,2.23705,0.5927,,0.14859,1.3234,1273.16274,26.29976,25301.34139,17.03478,16388.08404,70.82079,68132.21215,6.85535,6595.10037,12.04643,11589.10895,,,,,100,0.27764,,,,15.80938,15209.20722,17.13278,16482.36997,224.27037,,26.48456,,,,,,,,,,,,,,,,13.16271,42.23035,28.70201,12.43144,3.10786,6.39854,12.06581,58.86654,18.46435,0.36563,,64.96437,,,8.55107,,,,1
Bulgaria,BGR,53.56265,35.63464,29.45309,57.24168,51.64663,62.2102,62.30105,54.16141,43.44788,,48.42105,55.80685,58.63481,45.2946,47.36929,50.5482,48.55036,34.6382,50.17301,5.16933,57651.23043,62.3946,695859.2559,10.36694,115617.8637,56.87223,634270.625,27.23846,303778.3708,43.21012,24.33106,0.05577,,0.22059,32.18246,3.80646,42451.74956,17.04357,190079.3297,13.92242,155270.5968,93.00755,1037271.782,,,,,71.91219,0.55231,22.05816,0.16941,5.44587,0.04183,,0.58378,,3.18599,35531.95888,6.99245,77983.70845,168.00814,71.7104,,46.39592,5.39287,48.54428,39.61177,27.41965,23.52158,8.57294,14.5687,21.01497,80.58831,,,0.5145,10.83874,19.41169,23.30838,28.91135,20.87645,18.7497,4.01984,,,,,,4.13428,67.16953,2342.86988,,,,47.8918,3660.01627,1
Burkina Faso,BFA,,,,,,,,,,,,,,22.01258,17.7551,17.71562,13.0031,10,,11.13125,7260.76348,4.40144,2870.95902,62.25148,40605.21075,0.73442,479.05375,,,,93.58773,1.57372,,,4.83855,,,4.47651,2919.96954,,,16.34218,10659.78677,33.34708,21751.53875,75.77659,49428.06424,,,62.42763,0.43744,35.20283,0.24667,,2.36954,0.0166,7.88123,5140.81851,7.88123,5140.81851,13.07662,,41.24821,,,,,,,,,,,,,,,,7.7561,23.90244,20.92683,15.7561,0.4878,7.5122,12.04878,45.95122,22.43902,31.07317,0.09756,49.01961,,,9.73219,,,,1
Burundi,BDI,13.06452,,13.68421,16.66667,14.36059,14.64646,16.66667,14.58797,14.09692,,9.39597,14.87603,14.81943,14.03509,15.11628,10.07194,17.97753,20,,61.30022,10700.15644,19.76672,3450.3459,8.95785,1563.62234,4.59028,801.24867,40.56986,7081.60428,8.80793,64.76654,,,26.42553,,0.52601,91.81762,9.24122,1613.08587,15.75271,2749.6882,90.88443,15864.17918,30.70557,5359.75915,0.17332,30.25292,8.80793,0.01852,53.45333,0.1124,11.31322,0.02379,,26.42553,0.05557,8.41624,1469.08195,8.94225,1560.89958,1.56195,66.64884,6.51596,14.31844,23.67316,1.5273,7.25468,19.93127,72.85223,7.56014,4.12371,34.2879,69.33944,,,5.68919,23.10042,30.66056,9.26829,27.96748,22.60163,14.47154,4.87805,2.76423,11.86992,33.82114,51.54472,20.65041,0.1626,81.78191,23.43546,34.64674,11.70213,6.58591,20.84328,33.74384,1
Cabo Verde,CPV,36.84211,,28.57143,44.73684,50,44.44444,16.66667,75,40,,,66.66667,58.33333,,,,,,,,,,,,,,,,,,,,,,,,,,,,,,,,,,,,,,,,,,,,,,,,,,6.56566,46.875,29.6875,,10.9375,59.375,40.625,14.0625,9.375,12.5,62.5,,,,23.4375,37.5,,,,,,,,,,,,77.27273,123.48752,42.85714,16.16162,40.51934,47.77778,173.65432,1
Cambodia,KHM,24.01961,19.60784,19.09385,31.84022,20.81692,35.42857,33.75887,24.56964,24.87852,,27.7847,29.91041,30.50431,24.43206,26.71312,21.78952,12.25115,8.54701,60,17.17421,11074.73838,66.21202,42696.58875,13.54382,8733.6825,27.7431,17890.05605,20.24416,13054.37368,19.44236,23.4988,0.06128,,22.06364,34.93392,4.25854,2746.10966,19.33887,12470.61283,0.68719,443.13456,64.94337,41878.54182,,,,,13.50756,0.01597,31.18972,0.03688,18.22164,0.02154,,37.08108,0.04384,30.79808,19860.05241,35.05663,22606.16207,4.15456,136.81144,26.37011,26.81504,17.31381,4.32809,19.669,49.44838,37.70951,3.71313,14.95863,13.55824,65.49968,,,8.51402,30.78718,34.50032,29.37177,32.5192,27.15599,8.22108,1.473,,,,,,1.25897,28.25623,30.36704,34.89662,45.37367,60.88483,35.46075,122.06538,1
Canada,CAN,,,,,,,,,,,,,,,,,,,,,,,,,,,,,,41.00335,32.87752,10.92541,,4.4512,9.85622,,,,,,,89.2209,24886821.48,,,,,51.35759,0.79727,7.03132,0.10802,41.21156,0.65361,,0.39954,0.00735,,,10.78473,3034429.568,753.15409,179.61986,,,,56.66814,,4.99087,37.94449,,,,81.84214,,,0.3965,,18.15786,,,,,,,,,,,,,4325.64492,,,1268.37307,,6238.95806,1
Central and Eastern Europe,40530,,,,,,,,,,,,,,,,,,,,,,,,,,,,,,,,,,,,,,,,,,,,,,,,,,,,,,,,,,,,,246.1829,114.82136,,,,,,,,,,,,,,,,,,,,,,,,,,,,,2144.0514,,,,,,1
Central Asia,40505,,,,,,,,,,,,,,,,,,,,,,,,,,,,,,,,,,,,,,,,,,,,,,,,,,,,,,,,,,,,,18.71541,33.48835,,,,,,,,,,,,,,,,,,,,,,,,,,,,,558.86337,,,,,,1
Chad,TCD,5.26001,,0.8905,7.74194,4.53092,7.89793,5.47945,9.35024,4.53057,,,4.72198,6.05828,2.04082,3.65112,4.98562,8.8,,,15.43532,13594.68473,,,,,36.18929,31873.77328,,,,100,,,,,5.50649,4849.85039,16.17074,14242.3989,22.36923,19701.73412,90.16458,79412.59103,,,,,,,12.85234,0.03862,87.14766,0.26187,,,,4.32892,3812.7064,9.83542,8662.55678,6.04843,104.47823,9.69421,5.06228,14.88434,,26.97509,16.54804,83.45196,14.64413,6.49466,16.84164,65.19573,,,,20.16014,34.80427,12.06302,24.27376,51.35401,12.30921,,0.39389,1.72329,29.34515,68.53767,,,78.6272,57.89175,13.69048,11.67859,8.30675,6.99996,75.33035,1
Chile,CHL,41.59215,31.36092,21.7425,39.4394,34.42241,38.30369,45.6876,32.10444,30.44786,,41.07039,47.15592,45.011,,,,,,,15.34143,244053.6286,39.40138,626802.6668,29.53256,469808.1144,32.83864,522401.6783,21.78842,346613.2752,31.43219,47.00627,15.43813,,1.67029,4.45313,2.00036,31822.0503,11.45102,182164.355,28.1938,448510.9007,87.82489,1397130.538,9.27763,147589.8605,,,34.23609,0.1216,13.1113,0.04657,45.8327,0.16279,,6.8199,0.02422,10.17475,161861.304,12.17511,193683.3543,86.12756,174.59631,11.69381,34.75118,11.13194,28.96938,32.54369,12.76667,49.61239,3.34855,8.84014,30.16527,82.68104,,,8.65155,13.9704,17.31895,,,,,,,,,,,,57.86112,493.29542,44.03517,30.44507,303.46696,39.19367,899.81251,1
China,CHN,,,,,,,,,,,,,,,,,,,,,,11.13366,61716949.29,5.54109,30715780.35,,,83.32526,461895099.7,76.63052,20.2188,,,,0.36292,,,,,,,,,,,,,77.41528,1.69205,15.176,0.3317,7.40872,0.16193,,,,,,,,388.28052,297.05011,,,,61.25884,,19.83358,18.90758,,,,,,,,,,,,,,,,,,,,,,1307.12128,,,,,3068.99485,1
"China, Hong Kong Special Administrative Region",HKG,,,,,,,,,,,,,,,,,,,,,,,,,,31.48766,1147896.679,,,49.08601,46.9286,0.24085,,,3.74495,4.0831,148851.2281,17.80888,649230.5032,33.61403,1225414.438,82.91057,3022541.619,,,0.27725,10107.2879,44.87284,0.38634,4.68629,0.04035,50.44128,0.43428,,,,12.72908,464044.4317,16.81218,612895.6597,561.1818,139.37338,5.1587,,,35.6007,,2.75251,61.64679,,,,,,,,,,,,,,,,,,,,,87.25602,4026.46326,,7.58528,315.80104,,4554.69747,1
"China, Macao Special Administrative Region",MAC,,21.13821,17.61838,,39.42423,49.52525,42.42577,22.94893,30.67936,,32.6087,48.76732,48.98885,43.80165,41.04478,33.04721,24.91909,18.82353,40.20619,,,,,,,13.44393,21158.57041,,,,66.65717,4.11007,28.95377,0.27899,,1.63934,2580.05644,24.2253,38126.70062,13.20177,20777.44567,50.87099,80062.7167,,,39.98277,62926.41318,3.05549,0.00622,,,95.97698,0.19532,0.17074,0.79679,,7.5069,11814.63871,9.14624,14394.69515,249.16855,70.3229,1.24085,38.07851,,5.49594,17.23043,,91.59971,11.8118,28.36663,13.99141,59.58847,,0.84897,2.05539,28.59973,40.41153,44.99662,22.65044,15.75389,10.44625,2.87356,8.31643,13.38742,19.8783,58.38404,,3.27924,94.1139,3543.20632,42.93275,4.64524,182.46268,38.86112,3781.34981,1
Colombia,COL,30.91787,34.61538,26.19048,48.78049,37.60858,33.84615,49.26471,34.55657,35.37666,50,36.66667,43.46457,41.5047,42.04469,37.32211,38.98858,34.32241,27.77778,25,,,,,,,,,,,49.1045,8.16845,22.77098,0.41142,19.08969,0.45496,,,,,,,,,,,,,44.8987,0.1064,10.1529,0.02406,25.07879,0.05943,,19.86961,0.04709,,,,,35.53817,400.33502,,37.65389,4.80836,2.4158,19.5122,0.95238,90.91754,7.54936,15.79559,22.78746,62.9036,0.04646,5.01742,0.69686,29.50058,37.04994,11.36066,38.37397,28.29013,17.36789,4.56888,0.95377,13.12976,27.65172,58.26475,0.00769,0.03077,,88.0191,,,,,,1
Costa Rica,CRI,,,,25.5814,48.64865,,,,,,50,,,,,,,,,8.78871,31266.0181,16.33228,58102.41124,24.03502,85505.05787,9.64499,34312.25476,5.35698,19057.57032,3.65275,53.60249,,35.99006,0.03221,6.72249,1.72535,6137.97571,4.15558,14783.54101,8.6501,30772.90601,31.23938,111134.7199,54.27572,193086.948,56.33523,200413.7057,30.81778,0.13047,13.13357,0.0556,55.84443,0.23642,,0.20422,,10.70003,38065.58618,12.42539,44203.56189,71.86976,188.9283,16.29794,42.85714,,,,25.11949,74.66808,,,,,,,0.21243,,,,,,,,,,,,,,70.68584,380.40758,,13.01622,,,,1
Cï¿½te d'Ivoire,CIV,,,,,,,,,,,,,,27.27273,16.29328,16.84042,13.68778,18.18182,,6.64679,5548.60576,0.25113,209.63717,22.27633,18595.837,40.95622,34189.43694,14.25704,11901.49168,,,,,,,0.03348,27.95162,14.39957,12020.471,7.86283,6563.73091,69.8654,58322.24463,63.21549,52771.03719,29.88347,24946.12991,,,76.72175,0.07334,21.58956,0.02064,,1.68868,,0.21764,181.68555,0.25113,209.63717,3.50414,,3.99721,,,,,,,,,,,,,,,,1.79655,34.36771,29.09473,20.62529,0.25665,6.83621,38.91741,11.75922,42.48717,13.85908,,74.81236,,,21.19043,,,,1
Croatia,HRV,49.4,36.21103,29.02844,55.7842,48.79283,55.7652,60.72131,54.29253,44.55718,,,58.07068,56.97151,49.03723,51.48368,51.51326,42.72256,26.29758,39.13043,4.78867,44899.3478,32.58045,305479.2992,37.98766,356178.1585,34.47738,323265.2191,29.43189,275957.9113,42.57577,43.1118,3.48807,,0.0695,10.75486,8.53126,79990.36678,25.68361,240813.5007,17.07409,160089.2964,82.02376,769067.3641,,,,,48.02789,0.46822,19.93442,0.19434,32.03769,0.31233,,,,9.44499,88557.63812,17.97624,168548.0049,263.81846,137.32453,8.61849,47.71593,6.39795,22.6675,32.39923,23.469,53.86349,12.20729,19.51376,16.09725,74.40819,,,,13.39731,25.60461,22.73125,29.50102,23.38051,15.48731,2.10826,,,,,,0.67114,69.90668,1921.13136,49.9163,21.47483,714.10522,50.03396,3134.68009,1
Cuba,CUB,,,,,,,,,,,,,,,,,,,,,,50,,30,,,,20,,42.00454,56.38147,,,,1.61212,,,,,,,,,,,,,,,,,,,,,,,,,,,,63.80199,,,,,,,,,,,,,,,,,,,,,,,,,,,36.19801,,,,,,,1
Cyprus,CYP,32.55814,32.59259,29.85612,56.32184,39.1015,46.15385,45.3125,37.16578,34.91436,,27.63158,46.70051,46.54545,,,,,,,5.52289,9627.22636,53.06676,92503.30019,14.84929,25884.53863,31.24739,54468.87608,32.08395,55927.11539,32.76172,38.48331,5.35776,,0.87557,22.52164,5.21622,9092.64405,6.42387,11197.75959,38.06776,66357.79682,81.26191,141651.6589,,,,,36.87392,0.20597,9.58549,0.05354,41.88256,0.23395,,11.65803,0.06512,13.52188,23570.6513,18.73809,32663.29536,209.58406,166.88588,12.86145,38.00774,4.15861,27.27273,26.88588,8.18182,56.81818,7.54352,6.18956,36.17021,73.40426,,,7.72727,19.05222,26.59574,,,,,,,,,,,,70.99398,1255.85256,40.5694,16.14458,325.14267,40.78176,1838.11147,1
Czechia,CZE,44.93645,12.21277,11.90969,38.20282,32.3473,38.99062,51.62089,23.13326,20.78088,,39.88095,42.04544,40.69906,27.83557,26.02317,28.85685,28.4581,19.63223,27.39617,2.53259,182681.6261,39.72606,3234991.941,25.81818,2102438.837,50.6208,3651398.387,34.45576,2805818.721,32.99374,34.09756,1.03314,,0.08602,31.78953,2.79759,201796.9485,6.28522,453367.9058,34.34382,2477301.522,93.78243,6764749.442,,,,,61.94773,1.19453,16.35008,0.31528,21.48113,0.41422,,0.22105,,3.41998,246691.453,6.21757,448488.4015,763.50049,197.66128,14.86421,23.16375,3.7491,51.33744,42.489,19.12471,29.13005,5.18209,6.58378,35.42042,88.2423,,,0.40779,6.57561,11.7577,31.41595,32.02897,15.56223,12.24803,6.53299,,,,,,2.21182,54.6211,3862.67088,29.63678,30.51469,2186.3591,28.58782,7028.99591,1
Democratic Republic of the Congo,COD,9.59427,,13.06413,11.65577,4.40281,16.75824,21.5748,8.19835,10.37889,15.87838,17.96117,5.0041,7.70689,18.62069,9.45946,6.18812,6.59341,5.94059,17.64706,,,,,,,,,,,0.04252,34.51155,63.75241,,0.2462,1.44732,,,,,,,,,,,,,,,3.93937,0.01601,93.65533,0.38059,,2.4053,0.00977,,,,,3.52363,333.52907,30.00695,10.05587,26.00869,,5.22657,68.37989,26.50528,4.51893,7.8833,37.55431,76.67287,3.67474,,5.11484,15.13346,19.65239,11.0687,28.24427,30.83969,20.83969,7.70992,8.77863,10.83969,17.78626,60.91603,,1.29771,45.54937,10.56469,15.57828,24.44367,6.66802,14.25509,24.47388,1
Denmark,DNK,,29.87344,,46.23529,43.54195,,,,,,64.92147,,,,,,,,,2.63483,251489.0439,31.09023,2967585.105,18.50386,1766206.98,41.42323,3953758.819,50.40305,4811008.429,58.52074,27.20969,,,5.3509,8.92017,3.08251,294219.1618,30.64424,2924926.924,16.90633,1613673.408,91.60863,8743848.194,,,,,64.26789,1.96922,3.00361,0.09203,32.42608,0.99356,,0.30095,0.00922,5.31036,506862.644,8.39287,801081.8057,1701.76521,210.98301,,35.46051,,60.52677,,3.7417,35.31339,,,,,,,0.42029,,,,,,,,,,,,,,68.19242,8065.88729,,,,39.28182,11229.06557,1
East Asia and the Pacific,40515,,,,,,,,,,,,,,,,,,,,,,,,,,,,,,,,,,,,,,,,,,,,,,,,,,,,,,,,,,,,,374.84324,249.61756,,,,,,,,,,,,,,,,,,,,,,,,,,,,,1501.67015,,,,,,1
Ecuador,ECU,30.40422,,34.41358,41.29645,41.36312,44.94624,46.02941,36.24161,36.49987,,34.32836,48.68724,48.02731,,,,,,,6.74983,54736.6265,35.74393,289859.5005,11.27666,91446.18969,17.18395,139350.4354,10.67527,86569.34963,0.11662,42.39875,12.60212,42.30414,0.1176,2.46077,2.23335,18110.9468,4.69162,38045.90035,13.06342,105935.6134,41.68882,338068.57,42.30414,343058.401,42.30414,343058.3924,42.30452,0.18727,36.8072,0.16293,19.46718,0.08617,,1.42148,0.00629,13.7737,111695.5173,16.00704,129806.4698,50.83636,127.25315,11.85096,41.2673,8.92829,,20.33579,28.08116,70.86746,7.29641,10.67001,18.70391,58.638,,,1.05138,34.06559,41.362,,,,,,,,,,,,76.05146,399.48996,49.777,12.09758,89.95827,44.62785,560.93842,1
Egypt,EGY,34.97423,10.44944,32.33569,40.93971,48.87958,52.75221,47.80608,40.91349,40.8697,,56.33658,55.37705,54.34942,,,,,,,,,,,,,,,,,3.93125,95.39015,0.1491,,0.03809,0.49142,,,,,,,,,,,,,3.88848,0.02815,28.03598,0.20295,68.04441,0.49256,,0.03113,,,,,,89.6923,130.61019,16.0124,43.80389,22.67677,6.32054,8.77954,33.60507,59.78603,8.52062,29.96937,16.81191,78.23758,,,0.28836,13.24328,21.7639,,,,,,17.37514,12.70119,27.29275,42.63093,,,56.99969,686.71743,40.2018,26.98792,369.55568,42.5607,1273.55434,1
El Salvador,SLV,16.4374,,19.96226,32.11009,37.91946,30.59083,63.53426,46.88579,34.97362,,,40.15553,38.18867,33.62069,41.12903,40.77449,20,,,10.66947,9843.78779,38.79806,35795.59198,19.35474,17856.93344,41.02895,37853.83851,9.96525,9194.07328,31.18261,39.18404,20.64026,0.00908,1.307,7.67701,3.38021,3118.62966,18.93819,17472.62118,4.20202,3876.83423,74.83862,69047.08172,31.88195,29414.70081,,,31.00301,0.05616,39.31005,0.07121,29.68694,0.05378,,,,21.78117,20095.58813,25.16138,23214.21778,14.44262,226.68624,3.40502,36.36364,13.69951,,13.93292,26.78133,73.21867,9.36511,8.70663,18.00025,54.33931,0.11867,,,36.1769,45.54201,11.82467,37.92049,44.75025,4.07747,1.42712,1.52905,5.19878,1.9368,0.91743,,,87.90323,63.71196,50,8.69176,12.52323,39.88439,81.24448,1
Estonia,EST,55.55556,26.6877,29.58963,59.19854,45.22838,62.20615,69.23077,36.35548,40.90909,26.6877,54.54545,59.55056,60.90156,37.84324,42.74635,46.75141,46.41101,35.35912,45.08671,2.60252,14777.99422,21.82571,123933.6334,27.15234,154180.0079,8.2479,46834.29987,51.02524,289738.2504,43.57256,40.19453,0.98909,,0.26945,14.97108,6.20071,35209.69078,9.97634,56648.97786,17.87592,101505.4149,38.70268,219766.6868,,,47.19374,267981.7589,42.34651,0.6035,11.4317,0.16292,44.53986,0.63476,,1.68194,0.02397,7.89958,44856.43701,14.10029,80066.12779,504.44158,134.32686,7.42208,40.71459,2.69576,33.25282,9.90586,9.843,54.71014,11.83141,6.39709,23.83398,42.83269,33.911,,2.19404,11.4249,23.25631,27.27397,29.84749,19.28105,13.84804,7.39379,,,,,,2.35566,76.55582,3755.32912,51.96759,16.0221,654.84807,44.51058,4673.752,1
Eswatini,SWZ,29.61211,8.19672,23.82979,40.29609,38.59779,73.57143,64.1819,12.63897,43.13588,23.01587,60.68966,46.31397,50.37221,55.17241,30.55556,37.14286,40,22.22222,50,12.08547,3567.99189,66.05579,19501.64225,20.45307,6038.35813,6.47391,1911.29028,13.49113,3982.98531,22.33261,41.70105,,,2.51037,33.45597,2.83062,835.68278,30.25423,8931.95211,14.35127,4236.92478,63.16488,18648.15906,,,,,0.73741,,40.32255,0.10892,31.13679,0.08411,,27.80325,0.0751,34.0045,10039.14385,36.83512,10874.82663,26.74077,187.86082,40.29062,44.8975,16.81477,0.97039,3.73838,28.23918,43.11058,4.45424,33.93179,13.5934,68.07834,2.00441,,27.67986,25.463,29.91725,32.22222,30,19.44444,12.5,2.5,,,,,,3.33333,47.55614,142.34351,51.15578,12.15324,36.04929,45.08142,369.12614,1
Ethiopia,ETH,14.20056,13.55142,13.70647,12.86531,10.82032,2.63336,18.6495,16.175,15.4104,,19.56867,15.71138,6.49629,11.007,11.0987,11.47116,8.35655,10.76233,28.67133,31.8722,176551.6186,50.69938,280842.1351,31.96356,177057.6869,14.6594,81203.68345,17.33705,96036.1874,1.50906,73.38675,3.13106,1.36106,1.47318,19.13889,1.81179,10036.17457,22.11912,122525.7874,8.19394,45389.16583,76.84466,425670.2553,,,,,2.31728,0.00636,65.91377,0.18087,27.89244,0.07654,,3.8765,0.01064,21.34354,118229.5794,23.15534,128265.754,5.20617,57.50836,35.6488,12.29295,27.85061,2.18339,10.43334,61.53783,34.51211,24.64362,12.53809,14.20382,65.02586,,,1.76667,10.33052,34.97414,54.5237,28.95945,9.97866,2.32167,1.44215,,,,,,2.77436,49.57046,90.52892,23.37335,14.78074,33.25717,24.68591,181.974,1
Europe,40620,,,,,,,,,,,,,,,,,,,,,,,,,,,,,,,,,,,,,,,,,,,,,,,,,,,,,,,,,,,,,675.17357,195.95631,,,,,,,,,,,,,,,,,,,,,,,,,,,,,3445.53117,,,,,,1
Finland,FIN,,,,,,,,,,,,,,,,,,,,,,,,,,,,,,58.00881,29.00927,0.51675,,1.6928,10.77075,,,,,,,,,,,,,65.6565,1.82119,8.31172,0.23055,25.22251,0.69962,,0.80927,0.02245,,,,,1328.40244,193.61335,,,,56.28777,,8.54029,33.84445,,,,,,,1.32749,,,,,,,,,,,,,,74.55006,6861.10974,,,,,9055.73776,1
France,FRA,,21.75609,,36.31393,40.03375,,,,,,45.76233,,,,,,,,,,,41.8731,27329283.86,22.74085,14842252.32,,,35.38606,23095391.28,56.07717,32.41274,2.73237,,0.95282,7.8249,,,,,,,,,3.08246,1900200.129,,,65.4063,1.43895,12.50445,0.2751,20.50242,0.45106,,1.58684,0.03491,,,,,1028.19186,218.0535,7.35243,28.60283,,62.29087,,9.52681,26.72891,,,,,,,1.45341,,,,,,,,,,,,,,67.2824,4715.31913,38.70904,25.36533,1805.54395,32.79752,6945.98324,1
Gabon,GAB,,,,,,,,,,,,,,,,,,,,,,,,,,,,,,,,,,,,,,,,,,,,,,,,,,,,,,,,,,,,,,,23.66255,,,,,,,,,,,,,,,,,,,,,,,,,,,41.25514,,,35.0823,,,,1
Gambia,GMB,19.04762,,,17.80415,,,29.81455,37.5,27.7403,,32.10587,50,50,,,,,,,,,,,,,,,,,,,,,,,,,,,,,,,,,,,1.62273,,98.37727,0.07014,,,,,,,,,,1.21656,23.00056,76.76768,28.10945,26.1194,,0.82919,27.94362,,,58.12604,13.267,98.34163,,,72.05638,1.65837,1.65837,,,,,,,,,,,,8.41751,52.89256,36.09877,14.81481,88.81213,30.57404,632.6055,1
Georgia,GEO,52.00551,,35.88605,52.21796,51.78842,66.6434,62.59164,45.40686,46.80522,35.18519,,52.34892,59.06145,48.33236,62.34269,64.38166,55.3984,37.6087,41.98473,,,7.56766,2046.67821,24.92877,6741.99881,21.81268,5899.24896,,,1.70507,42.52765,42.79989,1.70579,0.96755,10.29405,17.36111,4695.3206,14.69017,3972.96359,14.24501,3852.57075,50.74786,13724.7833,53.86396,14567.53315,2.67094,722.35702,,,23.21132,0.07069,76.78868,0.23388,,,,15.58048,4213.74926,32.9416,8909.06986,32.42077,22.14876,16.37381,51.83637,4.95694,,17.49393,11.11877,88.88123,19.3168,12.57112,23.75031,58.77231,0.09216,,,21.81873,41.13553,15.70916,18.99072,19.84557,19.49628,21.14165,21.46337,34.53442,14.67047,29.33174,,4.81662,71.59592,1463.77339,53.46913,11.96446,241.59731,52.21989,1955.86146,1
Germany,DEU,,14.25666,,33.36006,36.08103,,,,,,,,,,,,,,,,,,,,,,,,,66.17945,27.72019,,,0.34575,5.75461,,,,,,,,,,,,,68.81968,2.12939,13.45831,0.41642,17.72201,0.54835,,,,,,,,1658.7187,318.25763,14.46983,22.58018,,60.39092,,13.06453,26.54455,,,,,,,,,,,,,,,,,,,,,64.1631,5211.87408,26.84374,21.36707,2006.65327,27.08252,8499.99335,1
Ghana,GHA,,,,29.76641,18.15919,,,,,,,,,,,,,,,,,,,,,,,,,,,,,,,,,,,,,,,,,,,,,,,,,,,,,,,,,,5.86526,21.12262,,,,25.53089,74.46911,,,,,,,,,,,,,,,,,,,,,77.16143,89.11206,7.55639,16.9733,28.65432,20.29278,122.8904,1
Greece,GRC,38.15686,29.71165,29.42819,44.17048,41.19494,51.01792,42.90536,40.25932,35.41182,,50.66733,43.6453,47.40289,42.79212,38.94629,36.34472,32.19751,16.65376,40.78947,4.01191,139478.2443,32.69379,1136633.42,31.30154,1088230.479,49.40616,1717656.329,36.00467,1251739.641,42.59175,40.61904,1.91845,,0.62446,14.2463,8.3736,291116.9175,16.91154,587947.3605,12.5111,434961.3186,82.84072,2880043.252,,,,,48.2602,0.56818,22.29994,0.26254,28.44478,0.33489,,0.99509,0.01172,8.78568,305443.3696,17.15928,596560.2871,355.19587,101.98816,,38.71862,4.33823,27.39999,35.76241,21.121,50.72313,14.05521,17.15714,15.16503,72.42281,,,0.75861,13.52198,27.57719,22.82037,33.29979,25.74331,13.5744,2.09524,,,,,,2.46689,65.16074,3482.71652,,,,40.20787,4855.61733,1
Guatemala,GTM,29.72973,,21.73913,53.84615,52.83019,66.66667,75.67568,41.02564,55.2381,,,32,35.71429,,,,,,,25.68213,9933.60521,83.83265,32425.67807,2.48877,962.63188,5.4204,2096.55853,13.67858,5290.74613,10.28416,10.20189,79.50945,,,44.01783,4.57067,1767.89135,42.36304,16385.62549,6.49831,2513.48355,79.96388,30929.27278,,,,0.74584,10.28416,,10.20189,,79.50945,0.02226,,,,15.46353,5981.14611,20.03419,7749.03746,2.28668,162.51704,36.11566,52.94118,15.54622,,9.66387,10.92437,89.07563,1.2605,46.63866,16.38655,88.23529,,,,10.5042,11.76471,,,,,,,,,,,,26.95035,14.07038,53.91304,36.93399,20.39613,56.07386,60.83369,1
Guinea,GIN,,,,,,,,,,,,,,,,,,,,,,,,,,,,,,,,,,,,,,,,,,,,,,,,,,,,,,,,,,,,,,,9.9734,,,,,,,,,,,,,,,,,,,,,,,,,,,28.45745,,,4.3883,,,,1
High income countries,40041,,,,,,,,,,,,,,,,,,,,,,,,,,,,,,,,,,,,,,,,,,,,,,,,,,,,,,,,,,,,,1172.10198,275.40725,,,,,,,,,,,,,,,,,,,,,,,,,,,,,4255.88634,,,,,,1
Honduras,HND,,,,20.13423,42.12454,,,,,,33.33333,,,,,,,,,54.54468,10115.07158,36.81529,2277.78951,33.21656,2055.13361,16.29317,3021.49709,29.77707,1842.32975,10.39933,44.88352,27.36382,,13.83661,3.51671,0.85244,158.08177,2.62663,487.09624,7.81933,1450.06125,81.28381,15073.72616,0.19108,11.82244,1.1382,211.07475,,,44.73147,0.01789,30.21608,0.01209,,25.05245,0.01002,16.72554,3101.67867,17.57799,3259.76044,1.96676,56.7112,24.39614,39.44954,23.85321,,11.92661,9.11315,83.48624,5.8104,16.51376,19.57187,71.86544,4.58716,,7.33945,17.737,23.5474,,,,,,,,,,,,32.48792,34.68019,,43.11594,9.98583,,33.03004,1
Hungary,HUN,42.34848,18.04074,16.78445,42.07931,40.15252,46.8841,45.5513,25.52328,23.71184,,,46.79757,46.8361,27.70965,31.19373,34.11127,32.71969,20.9375,27.11472,4.814,183001.4288,22.45489,853609.5648,19.02271,723137.4127,58.18953,2212041.382,57.48178,2185136.627,52.68021,31.8941,,,0.54978,14.87592,2.5815,98134.11932,7.64997,290809.3249,22.15177,842086.7246,92.80525,3527938.125,,,1.0406,39557.90539,75.60034,1.17546,10.87366,0.16907,12.70834,0.19759,,,,3.57265,135812.0945,6.15414,233946.2139,479.92718,148.23076,12.26613,26.84866,4.64364,63.70983,45.7961,15.09386,21.19631,6.04024,8.26356,27.73165,86.43495,,,,7.5248,13.56505,30.7262,32.23104,18.5518,13.47563,2.99562,,,,,,2.01971,70.12571,3237.70314,48.04536,17.60815,770.31206,33.35972,4693.89696,1
Iceland,ISL,,,,,,,,,,,,,,,,,,,,,,46.66767,191964.1968,20.94597,86159.78335,,,32.38723,133222.6032,40.18088,36.0345,3.31018,,1.8652,18.60925,,,,,,,,,0.02995,87.33444,,,64.32842,1.30583,4.1629,0.0845,31.50868,0.63961,,,,,,,,1221.64267,195.02088,15.20722,,,42.73171,,12.04878,45.21951,,,,,,,,,,,,,,,,,,,,,61.00629,6130.51111,,23.78649,2371.46113,,9485.8445,1
India,IND,,14.22085,,20.45107,12.99979,,,,,,35.97519,,,,,,,,,,,22.21975,14198282.13,14.3971,9199654.447,,,19.53426,12482270.8,36.77212,63.22788,,,,,,,,,,,,,43.84889,28019169.31,,,36.78931,0.23912,56.10755,0.36469,7.10314,0.04617,,4.37724,0.02915,,,,,50.44819,199.63358,,16.60152,,34.0222,,23.12839,36.48199,,,,,,,6.36742,,,,,,,,,,,,,,,252.70392,22.72727,,73.05997,18.86381,408.80653,1
Indonesia,IDN,,37.45396,,37.96882,46.57201,,,,,,54.91905,,,,,,,,,,,,,,,,,,,7.96831,87.67852,3.10397,0.98339,0.19576,0.07005,,,,,,,,,,,,,7.33955,0.01661,70.50681,0.15959,21.98299,0.04976,,0.17065,,,,,,29.55161,136.8171,5.8058,44.87483,,7.51361,,13.11164,77.98584,,,,,,,1.38891,,,,,,,,,,,,,,85.64324,215.99355,37.42545,8.55097,34.74204,44.2487,279.80389,1
Iran (Islamic Republic of),IRN,28.6955,25.60251,18.17832,15.8042,39.58627,45.36585,50.36572,45.05543,29.71952,,8.38816,34.0376,35.00015,,,,,,,,,,,,,,,,,,,,,,,,,,,,,,,,,,,25.12089,0.20857,40.31147,0.33469,33.64658,0.27936,,0.92106,0.00765,,,,,174.44958,118.27784,9.48256,31.21854,9.86999,19.24916,37.10153,22.52599,57.20289,2.41203,11.37519,13.26616,71.61287,,,1.02196,25.97511,28.38713,,,,,,,,,,,,75.33233,1474.91351,15.63373,15.18511,496.81506,27.41433,2279.9572,1
Iraq,IRQ,26.59676,24.36548,38.77976,38.29701,42.58169,42.50394,50.43327,49.20164,43.06392,,,32.62099,40.14457,51.12065,40.50109,34.28822,23.9726,18.91892,61.97183,11.94763,34626.12969,64.46426,186827.6624,30.39242,88082.06386,28.65144,83036.42799,5.14331,14906.13787,1.84748,97.27348,0.55432,,0.32471,,18.64698,54041.90774,15.48059,44865.20737,17.98475,52122.65085,74.06441,214650.4159,,,,,2.31633,,23.98992,0.01033,73.69375,0.03174,,,,7.28861,21123.5405,25.93559,75165.44824,7.54069,67.85048,4.03248,42.0163,8.55155,0.78405,21.02407,9.86236,89.35358,27.31851,15.34582,19.19305,64.11449,,,,8.567,35.88551,16.69852,40.36471,27.2416,13.95127,1.17853,10.63067,27.66364,33.82704,27.87864,,0.56538,85.68504,111.13687,42.23292,10.28248,22.97859,40.82474,146.10445,1
Ireland,IRL,,25.55494,,44.11511,44.74796,,,,,,,,,,,,,,,,,35.49406,1363010.813,18.39521,706396.4154,,,46.11073,1770702.769,48.98793,25.82941,0.78173,,0.76715,23.63384,,,,,,,,,,,,,74.77793,0.85731,4.27995,0.04907,20.94213,0.2401,,,,,,,,960.79393,183.24829,14.45499,35.33699,,48.25648,,2.58065,49.16287,,,,,,,,,,,,,,,,,,,,,68.83085,5243.12624,26.0347,16.71416,1164.60931,36.14286,7432.93302,1
Israel,ISR,,,,,26,,,,,,,,,,,,,,,,,10.23936,1794110.906,10.40525,1823177.388,,,79.35539,13904422.28,35.77015,10.6383,0.26779,,0.77236,52.5514,,,,,,,,,,,,,88.26339,4.37149,1.5302,0.07579,9.29529,0.46038,,0.91112,0.04513,,,,,2090.51806,,,,,,,,,,,,,,,,,,,,,,,,,,,,,,8250,,,,,,1
Italy,ITA,,21.64442,,46.97531,43.5828,,,,,,52.90658,,,40.48332,33.15623,35.08483,31.34651,24.0733,27.9558,,,42.08638,14381979.95,22.18455,7581023.439,,,35.72907,12209529.21,53.68453,32.27667,0.7855,,1.52539,11.72791,,,,,,,,,,,,,62.05592,0.86822,12.66742,0.17723,23.52075,0.32908,,1.75591,0.02457,,,,,580.56271,251.67815,,34.64717,,43.5543,,15.57206,37.57231,,,,,,,3.30132,,,18.26089,36.95848,24.8062,15.82839,3.68327,,,,,,0.46277,40.51352,2306.76644,,,,32.08376,5141.80982,1
Japan,JPN,,,,,,,,,,,,,,,,,,,,,,18.99025,33567655.58,12.57412,22226342.52,,,64.27486,113613893.4,79.05864,14.56196,5.10469,,0.66368,0.61103,,,,,,,,,4.16076,7354673.924,,,79.42187,2.59273,7.75227,0.25307,11.55968,0.37737,,1.26618,0.04133,,,,,1389.61879,260.66022,15.60922,,,74.4316,,4.51017,19.86923,,,,,,,1.189,,,,,,,,,,,,,,77.36381,5331.15027,,7.02697,524.29128,,7050.98698,1
Jordan,JOR,20.05076,,15.79724,,,25.11574,11.03604,16.45462,15.40174,78.36735,,56.08696,31.62706,22.38899,19.94135,9.30979,15.98465,2.42857,0.81522,,,,,,,,,,,,,,,,,,,,,,,,,,,,,,,,,,,,,,,,,,63.56447,107.29914,0.32961,21.09053,6.75583,,34.84225,,,14.81481,15.22634,20.21605,77.04047,4.20096,,,3.94376,18.75857,17.58689,18.75275,27.40871,8.60097,7.69908,,,,,7.80906,12.14254,78.62113,595.96296,23.68682,21.04926,108.88597,18.69773,361.29854,1
Kazakhstan,KAZ,,,,,,,,,,,,,,52.43704,59.41558,58.89902,50.67005,33.71965,50.60484,11.01218,68817.93863,59.92183,374467.0137,14.71659,91967.79653,49.28625,308002.5646,25.36158,158491.0828,47.4229,44.50797,,5.40591,,2.66322,5.25541,32842.42782,3.05671,19102.20194,29.19213,182429.1867,92.54728,578351.8919,,,,,42.92,0.05273,30.58778,0.03758,15.94346,0.01959,,10.54876,0.01296,2.19731,13731.57335,7.45272,46574.00117,34.11239,51.14797,9.33059,,,,,,,,,,,,,,,,28.2113,22.9403,16.96459,15.81872,10.38157,,,,,,5.68351,77.99625,666.9353,,12.67316,123.85629,,876.27373,1
Kuwait,KWT,26.92308,,42.42958,43.75918,53.56401,44.52297,58.28877,54.96829,49.20255,53.52113,,56.59955,51.91781,,,,,,,8.33705,15743.05512,99.63007,188133.8586,0.12922,244.01252,32.49863,61367.93688,0.2407,454.52837,0.95321,90.2339,5.48964,2.26328,1.05997,,0.09752,184.14614,0.03835,72.41694,51.91424,98030.91404,92.78827,175214.323,,,,,,,99.4109,0.06156,0.5891,,,,,7.11421,13433.9304,7.21173,13618.07654,45.64132,88.82051,11.40876,50.42333,1.22295,,26.71684,32.03198,67.96802,13.31138,8.79586,22.24835,58.98401,6.67921,,,21.0254,34.33678,,,,,,9.16275,14.90122,27.61994,46.17121,,,83.75355,513.86021,28.87701,4.23889,45.19843,48.21192,729.94253,1
Kyrgyzstan,KGZ,,,,,,,,,,,,,,44.51346,47.10983,53.28467,47.52066,39.42446,,10.26408,2543.2974,,,,,20.59859,5104.04453,,,6.42606,89.50704,0.24648,0.72183,,3.09859,15.79225,3913.10081,8.4507,2093.96699,43.38028,10749.03053,82.69366,20490.33945,,,,,29.26056,0.03133,58.82042,0.06298,11.91901,0.01276,,,,1.51408,375.16909,17.30634,4288.26989,4.00318,,8.70536,,,,,,,,,,,,,,,,14.72112,21.09113,20.87778,22.1274,21.18257,,,,,,,79.17411,,,6.07143,,,,1
Landlocked Developing Countries,40330,,,,,,,,,,,,,,,,,,,,,,,,,,,,,,,,,,,,,,,,,,,,,,,,,,,,,,,,,,,,,9.04612,58.1397,,,,,,,,,,,,,,,,,,,,,,,,,,,,,155.59276,,,,,,1
Latin America and the Caribbean,40520,,,,,,,,,,,,,,,,,,,,,,,,,,,,,,,,,,,,,,,,,,,,,,,,,,,,,,,,,,,,,105.42026,204.54251,,,,,,,,,,,,,,,,,,,,,,,,,,,,,515.39536,,,,,,1
Latin America and the Caribbean,40630,,,,,,,,,,,,,,,,,,,,,,,,,,,,,,,,,,,,,,,,,,,,,,,,,,,,,,,,,,,,,105.41885,204.54159,,,,,,,,,,,,,,,,,,,,,,,,,,,,,515.3908,,,,,,1
Latvia,LVA,57.08333,44.82226,37.38899,53.0648,51.94346,69.93464,66.66667,48.0315,46.44262,44.2053,,67.54617,68.61314,51.42105,57.19027,58.12325,54.18791,37.40157,45.625,11.20377,31483.06087,43.14721,121245.4448,30.89195,86807.66297,33.50254,94143.52181,25.96084,72951.04071,24.14793,43.58231,2.46555,,,29.80421,4.14068,11635.48722,9.25308,26001.54412,34.8731,97994.84771,88.83249,249622.9745,,,,,24.86574,0.15682,22.77121,0.14361,52.36305,0.33024,,,,7.02683,19745.68672,11.16751,31381.17394,193.37753,107.90528,,50.80414,6.89259,19.79167,32.33774,16.55093,63.65741,8.78805,8.27111,32.82596,80.3274,16.71741,,,10.88455,19.6726,23.93249,22.77365,17.98715,17.29437,15.99698,,,,,,2.01537,66.44824,1792.10447,,,,53.71885,3010.69403,1
Least Developed Countries,40334,,,,,,,,,,,,,,,,,,,,,,,,,,,,,,,,,,,,,,,,,,,,,,,,,,,,,,,,,,,,,5.79028,81.99682,,,,,,,,,,,,,,,,,,,,,,,,,,,,,70.61594,,,,,,1
Lesotho,LSO,57.95796,,14.69451,55.6196,31.88854,,,41.95071,40.18499,,,40,40,31.57895,39.47368,41.46341,29.41176,,,12.84882,388.45592,51.19534,1547.77843,31.37442,948.5366,3.80656,115.083,17.43024,526.96478,0.78134,91.0571,,,0.33858,7.82299,,,,,83.34461,2519.74088,100,3023.27981,,,,,,,12.84882,0.00616,87.15118,0.04179,,,,,,,,1.46831,60.89184,12.94118,40.18127,33.53474,,26.0423,34.94461,65.05539,,,38.40886,97.9859,,,,2.0141,2.0141,16.10169,32.20339,34.74576,14.40678,0.84746,,,,,,1.69492,69.41176,24.1134,47.55245,17.64706,6.94505,40.32145,34.74952,1
Lithuania,LTU,,32.38058,,45.81525,53.9235,,,,,,,,,45.16681,52.48694,57.12251,48.92562,37.9108,35.86957,3.69432,31204.55318,42.01755,354906.6508,26.45801,223481.0445,23.60559,199387.6875,31.52444,266275.2871,35.42066,36.35941,3.65077,,0.14357,24.42558,6.44777,54461.95448,6.11392,51641.99736,14.27452,120571.5579,47.68834,402805.796,,,36.80702,310895.2568,41.82817,0.39526,22.23896,0.21015,35.93287,0.33955,,,,9.05686,76499.97511,15.50464,130961.9296,332.58123,104.23449,,46.13889,3.07745,31.68494,14.71228,17.72209,50.58179,10.78824,5.96042,21.34767,45.09781,29.21862,,,14.89532,25.68356,31.1451,27.53237,18.70304,16.11872,4.53988,,,,,,1.96089,78.9425,3190.70248,,,,47.007,4268.07327,1
Low income countries,40044,,,,,,,,,,,,,,,,,,,,,,,,,,,,,,,,,,,,,,,,,,,,,,,,,,,,,,,,,,,,,5.76971,37.50785,,,,,,,,,,,,,,,,,,,,,,,,,,,,,153.82677,,,,,,1
Lower middle income countries,40042,,,,,,,,,,,,,,,,,,,,,,,,,,,,,,,,,,,,,,,,,,,,,,,,,,,,,,,,,,,,,30.8522,117.68078,,,,,,,,,,,,,,,,,,,,,,,,,,,,,262.1686,,,,,,1
Luxembourg,LUX,100,16.39216,15.63218,37.4183,34.82824,48.61111,56.97674,34.84321,29.0146,16.39216,,49.28571,49.11348,,,,,,,,,37.92147,317238.8496,36.58943,306095.4433,,,25.47523,213117.6465,49.5768,43.06924,1.37366,,0.26363,5.70279,,,,,,,,,,,,,55.81523,0.68966,23.82458,0.29438,20.36019,0.25157,,,,,,,,1380.72599,279.40281,13.9294,27.31608,0.03406,43.90489,14.81608,20.69658,35.39853,4.90463,2.92916,19.55041,37.3297,43.42643,,,14.30518,19.20981,,,,,,,,,,,,51.63361,4941.70411,18.62327,34.4224,3166.02186,25.82507,9307.48289,1
Madagascar,MDG,36.47059,,26.00897,37.5,31.91882,45.94595,38.46154,33.98058,32.23022,,,37.30159,40.5,38.17204,34.11765,37.23197,29.80769,26.82927,,2.1019,118.66732,,,,,23.1209,1305.34049,,,,,,,,,,,13.66235,771.33756,27.3247,1542.67513,66.20985,3738.0205,,,21.17875,1195.69189,,,100,0.01465,,,,,,12.6114,712.0039,12.6114,712.0039,0.22856,7.46408,52.95896,34.11633,9.49721,,24.9162,39.3736,60.6264,8.26816,8.71508,34.52514,77.65363,,,,14.07821,22.34637,8.28139,22.70703,22.84061,27.78272,14.60374,14.69279,39.53695,27.96082,14.02493,3.78451,,35.73019,34.04118,45.31722,11.31085,12.60361,44.37846,96.18345,1
Malaysia,MYS,50.91801,35.98612,47.20475,50.03076,54.54996,50.28212,50.45351,47.43295,48.20429,,73.80952,50.26324,50.26552,,,,,,,4.41381,548419.8134,56.48093,7017799.413,28.91648,3592894.494,24.23977,3011812.578,14.60259,1814383.652,56.85697,28.7705,12.7882,0.68137,,0.90296,1.68274,209082.4193,8.15814,1013656.299,51.63921,6416216.741,88.45036,10990035.17,,,,,56.57834,0.81283,9.19708,0.13213,34.15944,0.49075,,0.06536,,9.86633,1225900.247,11.54964,1435052.922,404.92824,168.96369,15.45629,50.1829,9.04334,21.93998,32.76809,6.63204,71.37087,2.04716,13.0901,27.52471,82.42624,,,0.05711,15.52661,17.57377,,,,,,,,,,,,74.48676,2396.53998,30.2929,10.05695,263.25211,48.23365,2906.28664,1
Mali,MLI,9.04894,8.73431,6.16776,17.12797,,3.44037,37.5422,18.65672,17.99787,8.73431,18.29485,14.6771,13.59416,,,,,,,63.94725,76735.75981,65.22667,78271.05202,24.10431,28924.81511,2.99172,3590.01573,10.66902,12802.66467,0.8253,45.99049,0.09488,,2.97719,50.20702,12.88767,15465.00897,11.75116,14101.21774,2.78523,3342.23094,81.47535,97769.22423,,,,,,,54.11587,0.15789,0.66216,,,45.22197,0.13194,5.63698,6764.29882,18.52465,22229.30778,6.48205,197.25894,29.55524,14.32611,22.36167,31.43031,3.98473,57.72854,1.58631,1.42874,12.13278,15.36873,53.84792,31.32731,,9.25485,13.39603,14.82477,,,,,,,,,,,,34.48111,32.86062,19.81921,35.96365,23.78294,19.95066,78.39489,1
Malta,MLT,16.66667,25.58559,25.29412,13.33333,35.98901,30.50847,50,20.14134,27.15232,,,43.33333,39.10615,,,,,,,0.9116,1032.97076,32.62498,36968.66582,52.10684,59044.33386,45.73929,51829.00729,15.26817,17300.97123,56.36149,31.28109,1.31204,,0.28364,10.76022,5.12529,5807.66757,15.96439,18089.87902,21.98459,24911.61107,84.59987,95863.46814,,,,,60.89389,0.34991,1.28687,0.00739,37.81925,0.21732,,,,10.27636,11644.55395,15.40165,17452.22152,269.25803,138.32872,19.12061,29.47481,1.28617,52.8655,36.44159,1.87135,45.38012,6.32369,12.86174,30.33226,80.92176,,,,12.86174,19.18542,,,,,,,,,,,,62.36386,1946.50858,20.87629,18.51553,885.98028,30.22049,3285.16009,1
Mauritania,MRT,,,,,,,,,,,,,,29.58843,18.429,7.11111,3.94737,16.66667,46.15385,0.29438,7.70696,2.70091,70.71136,95.90079,2510.73503,2.40654,63.0044,,,,92.78775,,,7.21225,,25.83898,676.47845,3.42214,89.59341,19.58346,512.70554,25.70651,673.01032,1.39829,36.60806,1.39829,36.60806,,,,,100,0.01419,,,,47.05623,1231.95762,72.8952,1908.43607,0.59456,,0.18559,,,,,,,,,,,,,,,,39.72603,14.6266,19.88511,10.07512,0.26513,9.14715,13.61025,6.18648,69.81882,4.50729,10.91471,99.16486,,,0.64955,,,,1
Mauritius,MUS,51.41106,30.68298,20.77626,46.66432,47.32987,79.14692,57.92079,36.84951,42.14599,49.19628,,51.00671,55.74163,56.09756,51.04603,37.14286,25.97403,,60,29.33828,30450.0382,36.09156,37459.14877,7.92376,8224.00547,8.95966,9299.18491,5.90263,6126.29379,4.09675,79.44818,4.41502,11.00874,,1.0313,,,2.43502,2527.29598,12.93014,13420.12106,53.66311,55696.64016,50.08205,51979.77502,24.79382,25733.36787,6.29734,0.02179,79.30099,0.27436,14.40167,0.04983,,,,21.54306,22359.42333,21.54306,22359.42333,81.90564,172.85044,27.20729,46.37785,21.25024,4.39647,7.29442,33.07636,62.52717,1.75699,3.36409,17.76141,49.67017,39.88782,,,8.68502,10.44201,9.72332,18.89328,13.83399,6.08696,0.1581,,,,,50.90909,0.39526,60.70058,473.85267,35.16477,12.09213,130.27301,37.16557,899.55216,1
Mexico,MEX,,,,,,,,,,,,,,,,,,,,,,29.95518,2347295.54,30.51599,2391241.046,,,39.52882,3097488.7,18.5761,76.84504,2.82984,,0.83749,0.91153,,,,,,,80.58871,6314951.497,,,,,22.11045,0.06904,26.18706,0.08176,50.55594,0.15785,,1.14656,,,,19.41129,1521073.789,62.09665,231.15892,14.11155,,,37.29076,,17.15412,43.74168,,,,,,,1.81344,,,,,,,,,,,,,,60.61205,315.2625,,25.27639,140.29751,,533.70389,1
Middle income countries,40030,,,,,,,,,,,,,,,,,,,,,,,,,,,,,,,,,,,,,,,,,,,,,,,,,,,,,,,,,,,,,137.67294,203.97152,,,,,,,,,,,,,,,,,,,,,,,,,,,,,674.96159,,,,,,1
Mongolia,MNG,,,,,,,,,,,,,,52.49501,52.6936,49.2891,40.33333,,43.24324,12.95443,5806.004,35.12668,15743.3151,42.19998,18913.47532,31.98269,14334.21963,19.61362,8790.56811,8.09059,80.94456,7.10169,0.35943,,3.50373,0.26882,120.48179,7.56443,3390.27639,28.24397,12658.57511,80.74551,36189.07513,3.05972,1371.32646,,,8.55816,0.00881,60.18678,0.06195,31.25506,0.03217,,,,18.98567,8509.12806,19.25449,8629.60985,14.13742,,29.44481,,,,,,,,,,,,,,,,26.13459,30.98592,22.01356,15.64945,1.35629,9.44184,9.494,9.59833,63.11946,,3.8602,63.35096,,,7.20423,,,,1
Montenegro,MNE,61.11111,31.81818,38.83495,59,45.90747,50.76923,66.66667,50.5618,48.99598,,31.25,41.73228,44.79167,54.48029,57.54527,50.56948,36.51452,15.51724,35.71429,4.4997,1891.34824,59.69473,25094.68862,27.55449,11583.45721,29.13139,12244.72859,12.75745,5363.023,18.71626,64.12717,6.87862,,,10.27794,17.71215,7444.90706,12.07919,5077.21927,18.73875,7876.41466,64.44904,27089.71076,,,,,14.46911,0.05319,44.29068,0.16282,38.98475,0.14332,,2.25546,0.00829,17.83881,7498.14501,35.55096,14943.05208,74.68779,101.71295,10.74306,47.16553,4.08163,11.06291,23.35601,29.28416,55.96529,14.73923,8.84354,20.18141,56.46259,,,3.68764,28.79819,43.53741,18.25916,32.52618,28.73037,15.77225,3.79581,,,,,43.54473,0.91623,68.39749,734.29976,57.14286,20.85944,156.15962,51.39116,1119.76732,1
Morocco,MAR,26.6289,,,26.3503,36.93095,,53.4964,,40.60998,,,31.50399,31.50399,,,,,,,,,,,,,,,,,,,,,,,,,,,,,,,,,,,,,,,,,,,,,,,,,,2.68046,36.63709,0.9361,6.98233,,2.58842,90.42925,,9.21519,,52.42979,6.98233,,,40.58926,40.58926,,,,,,,,,,,,94.65041,1073.54029,15.34653,2.66913,40.25476,35.37017,1154.22062,1
Mozambique,MOZ,25.55155,49.85673,24.38008,40.96662,25.35853,,53.55006,26.96441,30.96668,,37.53582,25.2423,25.2423,28.02691,29.92327,29.3279,27.61194,26.31579,29.31034,34.50094,38952.20932,50.96597,57541.53314,27.13675,30637.8968,4.26348,4813.54936,21.89728,24722.44378,0.47172,43.4901,13.32025,2.83531,,39.88262,0.00951,10.74201,28.57894,32266.15874,11.41185,12884.18797,78.75521,88916.10539,,,4.11826,4649.59243,0.47172,,43.02239,0.1452,37.43941,0.12636,,19.06648,0.06435,17.11702,19325.4339,17.12653,19336.1759,4.17506,97.17255,18.32707,28.91804,22.19784,0.30038,8.26082,22.09972,77.29953,,11.64932,22.10402,64.212,,,0.30038,35.788,35.788,36.64749,32.12818,20.17256,5.50534,0.78061,1.76664,6.61463,5.62859,41.04355,,4.76582,57.18985,42.96538,29.99917,24.48308,26.74062,30.02017,85.79394,1
Myanmar,MMR,75.54517,,76.1194,71.2406,82.9918,66.66667,72,72.72727,75.11769,,,70.96774,70.76923,87.18354,67.09091,74.20814,60.91954,,67.46032,32.60575,34225.5112,29.45772,30921.08824,32.98894,34627.73163,32.8026,34432.14031,34.57224,36289.68588,,77.40023,,,0.0151,22.5222,,,29.97105,31459.92242,4.22394,4433.77228,99.60335,104551.3462,2.98111,3129.19875,,,,,78.75991,0.02509,21.24009,0.00677,,,,0.39665,416.35829,0.39665,416.35829,1.96633,67.63383,15.98446,74.93557,41.36598,,34.53608,68.5567,31.4433,0.1933,6.4433,13.46649,95.81186,,,,3.99485,4.18814,39.10891,34.03465,13.67574,5.38366,,12.87129,28.2797,33.2302,20.23515,,7.79703,48.28204,29.07319,74.7495,29.96713,18.69526,72.88351,58.85821,1
Namibia,NAM,41.73228,44.49153,19.19192,39.00446,37.47002,28.57143,55.08475,28.49003,34.06824,28.98551,43.24324,47.74704,47.4339,46.98795,40.58577,32.1267,37.93103,18.18182,58.33333,31.74057,25999.7705,48.67498,39871.31834,19.4576,15938.37879,13.61599,11153.31426,26.57815,21771.05579,11.09774,63.21802,6.00423,,3.87046,15.80955,5.10998,4185.75365,1.94138,1590.25055,24.58311,20136.85059,71.88105,58880.1859,5.28926,4332.61463,3.66274,3000.27544,11.42271,0.03883,45.91879,0.1561,35.00985,0.11902,,7.64865,0.026,19.34623,15847.15257,24.45621,20032.90622,36.03085,241.06347,11.30742,38.81695,18.68746,6.94526,2.91348,39.61154,49.0877,0.61801,3.47263,30.98882,56.06239,6.09182,,4.3555,37.22778,37.84579,22.16288,31.90921,29.50601,11.61549,2.93725,,,,,0.26702,1.60214,66.16608,149.46625,34.33134,22.5265,66.11176,39.94273,245.79676,1
Netherlands,NLD,37.83655,19.23452,15.04275,37.39436,40.62665,47.58551,45.48992,21.42857,24.09418,,,48.08751,47.94402,,,,,,,8.28665,1534368.98,43.9131,8131017.149,26.04864,4823206.034,40.85258,7564325.226,30.03826,5561929.434,51.63274,31.37724,0.21861,,2.45935,14.31206,3.35428,621084.2284,16.64845,3082652.27,21.9019,4055389.076,87.68958,16236735.55,,,,,67.05198,1.45083,5.78092,0.12508,27.1671,0.58783,,,,8.94931,1657067.901,12.30359,2278152.129,1231.06212,219.65441,,27.08356,7.59013,70.01914,41.19514,6.13319,23.84663,3.58469,15.44592,23.22478,87.45597,,,,8.95693,12.54162,,,,,,,,,,,,60.31923,5604.5408,,,,28.58375,9225.85342,1
New Zealand,NZL,,,,,,,,,,,,,,,,,,,,,,39.95891,1057924.062,25.0642,663582.188,,,34.95121,925343.6044,46.40473,35.79866,7.55008,,2.54237,7.70416,,,,,,,,,,,,,55.21315,0.75405,20.13354,0.27496,24.65331,0.33669,,,,,,,,563.06053,101.82807,15.625,,,31.15385,,6.92308,61.53846,,,,,,,,,,,,,,,,,,,,,68.75,5529.5219,,15.15625,1276.04352,,7656.2611,1
Nicaragua,NIC,,,,,,,,,,,,,,,,,,,,,,,,,,,,,,,,,,,,,,,,,,,,,,,,,,,,,,,,,,,,,5.55876,,,,,,,,,,,,,,,,,,,,,,,,,,,,,,,,,,,,1
Niger,NER,4.57143,,7.21154,26.72176,8.72766,38.46154,26.01626,15.0312,13.49141,11.11111,12.65823,55.6962,49.87427,,,,,,,,,,,,,,,,,,,,,,,,,,,,,,,,,,,,,,,,,,,,,,,,,,27.36444,22.31979,17.86808,,8.495,74.12702,19.42005,8.22953,12.55871,36.00163,74.92342,0.73514,,6.45293,16.13233,24.36185,,,,,,,,,,,,51.8285,26.46415,27.57306,20.80706,8.50614,19.98899,49.06973,1
North America and Western Europe,40500,,,,,,,,,,,,,,,,,,,,,,,,,,,,,,,,,,,,,,,,,,,,,,,,,,,,,,,,,,,,,1276.29124,295.86631,,,,,,,,,,,,,,,,,,,,,,,,,,,,,4313.74311,,,,,,1
North Macedonia,MKD,50.25853,63.86739,42.7763,62.97999,51.85648,57.17173,71.24629,64.94481,57.35998,,60.67911,50.4644,53.64382,56.41548,55.94679,53.25248,47.48428,34.65347,74.5098,5.33827,6620.76832,63.10643,78267.49268,23.43763,29068.42396,23.80794,29527.69784,13.45594,16688.67089,30.05326,45.24424,20.21719,,0.19972,4.2856,9.47824,11755.34702,16.52243,20491.87139,28.1185,34873.85215,73.78713,91514.1897,,,,,30.56919,0.11127,9.81942,0.03574,58.00533,0.21113,,1.60606,0.00585,16.73463,20755.05081,26.21287,32510.39783,59.54256,74.49595,6.69752,56.19485,8.7125,24.1325,20.59225,11.10611,62.44406,14.862,10.12103,29.22125,68.64703,,,2.31733,16.49098,31.35297,14.17436,36.89376,26.1836,18.36028,2.9157,2.30947,70.35219,27.33834,,,1.47229,84.36434,799.27238,53.13768,8.93814,91.11566,55.09383,957.84983,1
Northern America,40640,,,,,,,,,,,,,,,,,,,,,,,,,,,,,,,,,,,,,,,,,,,,,,,,,,,,,,,,,,,,,1575.99712,371.18177,,,,,,,,,,,,,,,,,,,,,,,,,,,,,4245.89042,,,,,,1
Northern America and Europe,40642,,,,,,,,,,,,,,,,,,,,,,,,,,,,,,,,,,,,,,,,,,,,,,,,,,,,,,,,,,,,,969.60989,261.55267,,,,,,,,,,,,,,,,,,,,,,,,,,,,,3707.13049,,,,,,1
Norway,NOR,,,,,48.73983,,,,,,,,,,,,,,,,,37.67302,2587880.389,18.03438,1238839.094,,,44.29275,3042610.32,42.82586,46.67212,0.44206,,1.21559,8.84423,,,,,,,85.45436,5870132.758,,,,,51.89937,1.07424,13.66456,0.28284,34.43606,0.71278,,,,,,14.54568,999189.4984,1351.78862,209.03839,,,,48.86584,,13.32599,37.80816,,,,81.01865,,,,,18.98135,,,,,,,,,,,,68.1769,6466.70021,,,,,8776.00852,1
Oceania,40650,,,,,,,,,,,,,,,,,,,,,,,,,,,,,,,,,,,,,,,,,,,,,,,,,,,,,,,,,,,,,637.09207,191.19144,,,,,,,,,,,,,,,,,,,,,,,,,,,,,3332.2207,,,,,,1
Oceania (Australia/New Zealand),40651,,,,,,,,,,,,,,,,,,,,,,,,,,,,,,,,,,,,,,,,,,,,,,,,,,,,,,,,,,,,,891.01105,193.59349,,,,,,,,,,,,,,,,,,,,,,,,,,,,,4602.48458,,,,,,1
Oman,OMN,2.50276,39.5881,13.01649,28.28152,31.79859,28.70851,66.30366,25.55488,29.24363,,,32.63148,31.13283,60.10101,34.21218,25.18757,23.4192,16.0221,14.28571,22.16123,97390.48508,39.53107,173724.5519,51.9138,228142.1278,39.64501,174225.2798,8.55513,37596.66097,31.79342,43.29038,19.14899,,4.2654,1.50181,7.78481,34211.37662,9.77665,42964.77119,10.14959,44603.73515,81.73248,359184.2713,,,,,31.11601,0.06833,41.72139,0.09163,27.06527,0.05944,,0.09733,,10.48272,46067.69244,18.26752,80279.06906,90.99613,323.64407,13.55768,29.86832,29.30788,0.32183,5.76127,55.59557,44.0826,12.61986,24.41268,7.46837,66.94946,,,,20.42994,33.05054,23.96514,38.56209,22.58533,10.33648,4.38151,6.92326,26.09538,31.29993,35.68143,,0.16945,66.83385,281.16111,33.63578,10.54845,32.77024,27.82875,395.82373,1
Pakistan,PAK,20.44099,,21.10438,14.98638,39.36653,47.46209,46.06009,44.08795,34.82064,43.67874,,39.55705,41.84735,,,,,,,,,,,,,,,,,,61.84907,35.05889,1.43393,0.32328,1.33484,,,,,,,,,,,,,,,36.52269,0.08618,63.47731,0.14979,,,,,,,,12.38593,36.90895,25.73873,37.57111,11.10259,,14.41623,7.36427,92.63573,9.03607,7.43221,29.55053,62.50156,6.31023,,,22.15215,31.18822,,,,,,,,,,,,68.50596,335.58065,4.14007,5.7553,31.79799,27.46327,487.89933,1
Palestine,PSE,,,,,,,,,,,,,,,,,,,,,,,,,,,,,,3.75772,29.35605,4.56611,21.0742,17.06992,24.17599,,,,,,,,,,,,,,,56.12802,0.27626,22.98925,0.11315,,20.88273,0.10278,,,,,,,24.24834,,,,,29.46133,55.78493,,,,,,,14.75374,,,,,,,,,,,,,,52.01974,575.10944,,14.6431,178.0999,,1190.86711,1
Panama,PAN,,,,,,,,,,,,,,,,,,,,25.3195,37403.17382,46.12721,22082.479,32.65548,15633.15686,5.13381,7583.90496,21.20141,10149.75287,1.54014,55.67449,,0.05461,8.01748,34.71327,,,0.19661,290.44742,41.91152,61913.70921,72.56144,107191.2354,0.0159,7.61231,,,0.65538,,27.7444,0.04078,12.27744,0.01805,,59.32277,0.0872,27.43856,40533.55161,27.43856,40533.55161,35.97105,319.15334,35.86109,49.33333,,,,,,,,,,,,,,,,,,,,,,,,,,44.08221,39.10899,50.08403,20.0567,155.13234,45.67063,307.13596,1
Papua New Guinea,PNG,10.9215,,28.57143,27.97619,32.39981,50.84746,42.0354,24.22611,23.58491,32.39981,18.18182,57.14286,55.27638,27.09677,37.86408,34.11215,32,,38.88889,31.8116,3497.92847,44.4708,4889.90379,38.09606,4188.95322,0.61044,67.12229,17.43314,1916.90699,4.46825,38.68974,7.60283,8.76844,0.75456,39.71618,11.91747,1310.41688,9.19385,1010.93355,30.87802,3395.27385,72.4939,7971.25815,,,,,,,61.09322,0.0193,27.62053,0.00872,,11.28625,,15.58863,1714.08896,27.5061,3024.50584,1.32931,37.45789,20.70485,28.80259,24.95316,,4.7692,57.23045,35.27508,2.00988,15.39772,12.65542,57.77551,35.27508,,7.49446,4.7692,6.77908,19.52141,25.94458,26.95214,15.74307,,,,,,9.57179,2.267,69.95595,35.48821,33.70787,8.98678,10.7595,33.1702,71.63528,1
Paraguay,PRY,40.65115,,22.87155,49.01452,48.17152,38.2387,78.733,50.93629,48.6508,,50.0671,48.80079,47.86363,51.92744,49.31034,48.97959,50.58366,30.37975,83.33333,25.72341,34102.62597,73.44291,97366.41614,15.70328,20818.50693,15.82455,20979.2773,10.85381,14389.35436,0.22576,77.38906,3.86494,4.26272,2.76287,11.49465,3.0044,3983.05743,20.07194,26610.231,16.97119,22499.42697,78.59108,104191.5613,,,,,,,35.66388,0.05308,40.43492,0.06018,,23.90121,0.03557,18.40452,24399.66282,21.40892,28382.72025,19.30583,142.86022,19.81344,48.46242,21.34788,,16.74928,17.51841,58.4788,2.26383,18.68333,17.73101,74.5115,,1.91407,22.08872,23.25027,25.51409,24.71973,32.51121,21.97309,14.40583,4.42825,4.42825,22.30942,60.53812,9.86547,1.62556,0.33632,57.38179,135.13787,52.20019,22.80476,40.24138,50.75536,218.71511,1
Peru,PER,,,,,,,,,,,,,,24.28571,30.97239,26.30745,30.16453,26.66667,33.33333,9.74148,44976.28488,38.59803,178207.4039,15.24127,70369.07744,16.57326,76518.53843,4.24154,19583.2312,,,,,,,2.2066,10187.84964,7.14407,32984.10159,23.41286,108096.8904,56.87167,262575.8153,41.91916,193541.074,26.82928,123870.4651,,,30.45427,0.03565,34.22924,0.04006,26.94651,8.36998,0.0098,14.09286,65066.59121,16.29947,75254.44085,18.28509,,15.47707,,,,,,,,,,,,,,,,8.41346,33.3734,25.28045,21.91506,10.81731,,,,,0.08013,0.12019,62.38905,,,22.09689,,,,1
Philippines,PHL,52.87439,43.48982,43.40499,53.81003,54.60827,57.89852,62.6684,52.67563,47.68426,56.87312,58.47442,50.70703,51.59492,,,,,,,17.58993,215633.5103,24.07318,295111.2235,20.62615,252854.3334,43.48201,533042.5477,13.37947,164017.8334,37.96389,49.43561,9.93436,0.43276,0.43406,1.79932,0.42991,5270.23906,9.2691,113629.201,14.00936,171739.6105,84.3504,1034044.87,41.92121,513908.8685,3.66719,44955.82226,36.88216,0.06054,24.2495,0.03981,36.74071,0.06031,,2.12763,,11.5525,141621.217,11.98241,146891.456,12.00523,113.59895,10.18392,48.80473,13.97652,51.8172,45.60935,17.14559,28.59053,2.79666,4.67552,10.53333,74.79473,2.55353,,2.44667,19.85508,22.65174,,,,,,,,,,,,80.88808,105.68078,41.66751,8.928,17.53814,47.60773,141.26789,1
Poland,POL,52.91134,23.47304,20.09657,52.29953,45.68505,50.22177,60.04252,34.1747,31.66572,,48.99882,50.39423,50.32061,34.45884,39.41841,40.12736,35.13082,24.11425,24.92564,4.62716,544053.6626,17.59312,2068569.502,29.01815,3411905.531,52.27883,6146857.922,53.38825,6277300.529,52.54124,38.28122,2.96086,,0.2629,5.9533,3.81612,448692.8599,11.7856,1385731.304,21.61722,2541716.78,90.30882,10618359.67,,,,,66.09084,0.8012,1.94396,0.02357,31.66627,0.38388,,0.29893,,5.87555,690837.3067,9.69167,1139530.167,380.53415,122.51111,6.92778,35.44792,4.64633,48.15985,43.01785,2.64031,48.43322,8.65733,12.314,19.74255,79.72073,,,0.76663,11.62194,20.27927,23.16915,24.9078,13.37112,8.99071,5.81304,,,,,,1.7892,78.52835,3106.1196,35.20716,10.18167,415.27482,36.78896,4271.78796,1
Portugal,PRT,56.65256,28.39396,27.66336,58.98361,50.40615,52.84607,64.25031,44.13335,39.70479,,49.65866,56.16509,54.82658,47.02799,48.55445,45.95104,43.28146,33.80701,46.37878,3.12576,139225.3047,38.49016,1714400.663,21.92882,976737.7749,43.84326,1952834.594,39.58098,1762987.544,46.5136,41.04,3.90964,,1.22077,7.316,5.8436,260281.5727,12.52706,557971.2018,23.3456,1039842.656,82.84167,3689873.756,,,,,50.76417,0.6932,5.67164,0.07745,41.95457,0.5729,,1.60959,0.02198,11.31469,503970.6539,17.15829,764252.2266,452.30986,99.68192,3.83246,43.13296,2.89552,34.12267,37.63361,3.2742,61.51636,9.14267,11.98572,24.81479,77.32964,,,1.08678,13.52769,22.67036,20.44256,23.28163,18.22977,10.96304,3.14805,,,,,,3.05962,82.06698,4537.53162,42.29135,14.10056,780.06385,43.38028,5572.25415,1
Puerto Rico,PRI,,,,,,,,,,,,,,,,,,,,20.9339,117591.0242,26.61854,149523.0695,19.19693,107834.0103,25.62599,143947.633,54.18453,304368.1466,69.43379,23.09948,6.60952,0.56395,0.29326,,0.04512,253.42893,35.88992,201602.7149,14.48229,81350.68697,96.9321,544492.0591,,,1.94,10897.44405,69.27589,0.29707,1.71441,0.00735,28.60365,0.12266,,0.40605,,1.08279,6082.29435,1.1279,6335.72328,166.11629,476.84654,7.09091,,,95.9253,,3.39559,,,,,,,,0.67912,,,,,,,,,,,,,,37.63636,348.36426,,55.27273,156.14289,,569.56669,1
Qatar,QAT,26.13636,21.71893,15.22602,40.80717,32.03268,36.50086,39.95939,32.65395,26.20311,36.79822,,45.03629,41.62293,,,,,,,1.42712,25494.73489,46.38609,828660.257,44.83904,801023.1159,20.10448,359154.8545,8.77487,156757.9289,9.25402,32.40921,45.12103,0.03486,12.67492,0.50596,17.68571,315944.9595,15.14566,270568.4731,14.28703,255229.5096,50.96429,910447.5721,,,,,12.1504,0.06164,15.88799,0.0806,71.9616,0.36505,,,,31.35001,560049.7779,49.03571,875994.7374,642.21586,1112.35386,16.61123,32.01868,1.09589,16.08344,29.95953,18.74533,65.17123,12.00436,20.54545,7.17933,58.7802,11.20174,,,18.0137,30.01806,,,,,,,,,,,,60.75132,577.34853,44.0612,22.63745,397.09787,41.96616,1199.25642,1
Republic of Korea,KOR,,,,,,,,,,,,,,,,,,,,1.92422,1917013.282,21.95847,21876274.66,14.20815,14154969.18,73.06572,72792223.76,63.83338,63594438.09,76.64033,20.53457,0.57556,,0.30977,1.93977,1.4194,1414087.419,4.62039,4603094.005,16.92488,16861522.48,96.5352,96173853.53,,,,,80.29332,3.86218,10.07387,0.48456,8.2241,0.39559,,1.40871,0.06776,2.0454,2037740.98,3.4648,3451828.397,1946.88999,243.95908,8.25876,,,81.98672,,6.7008,9.97525,,,,,,,1.33722,,,,,,,,,,,,,,74.40309,7980.39565,,17.33815,1311.43521,,9793.97732,1
Republic of Moldova,MDA,51.6129,13.72549,21.36223,51.68788,51.3834,52.75591,56.49351,51.89189,47.39062,,,57.77778,55.53603,54.49541,57.44681,57.11501,46.20355,30.81312,61.53846,16.32611,10776.77137,,,,,20.28896,13392.62485,,,15.50052,76.71827,2.82766,,,4.95356,6.91434,4564.11935,11.18679,7384.33639,36.9453,24387.38401,84.74716,55941.11661,,,,,17.50258,0.04463,70.85655,0.18067,11.64087,0.02968,,,,8.33849,5504.1917,15.25284,10068.31105,18.63248,26.76781,25.61222,49.27007,13.82806,6.20438,13.09813,73.27656,20.51906,10.30008,12.48986,37.51014,76.9262,,,,12.77372,23.0738,17.84545,20.00655,16.79764,20.2685,22.9535,,,,,,2.12836,68.61379,696.07769,64.01869,5.77398,60.40577,51.1254,1053.43144,1
Romania,ROU,52.31214,36.42266,39.66922,49.14189,50.63153,44.33657,64.43836,47.44561,45.90081,,31.25,58.52982,50.54612,,,,,,,4.50716,118315.0171,61.96521,1626615.32,19.32296,507236.6136,66.19072,1737536.941,18.71183,491194.1777,54.40442,35.93045,1.70092,,0.04169,7.92252,1.77631,46629.04895,5.66074,148596.9923,20.63387,541648.5294,96.99249,2546097.479,,,,,59.34235,0.29974,30.62982,0.15471,9.80699,0.04954,,0.22083,,1.2312,32319.58283,3.00751,78948.63178,142.23599,161.18466,25.02846,46.32949,9.87612,26.9738,46.94297,38.32568,33.88137,5.292,10.41845,23.35446,90.592,,,0.81915,4.116,9.408,,,,,,,,,,,,61.08569,882.44127,40.82117,13.88585,278.82409,44.74007,1637.07646,1
Russian Federation,RUS,,,,,,,,,,,,,,,,,,,,1.68578,675964.1439,19.19421,7436336.407,14.04566,5441654.377,72.06762,28897666.03,59.33955,22989682.44,29.48893,67.03352,0.85986,,0.26852,2.34917,1.53911,617153.6255,4.04033,1620091.149,17.64203,7074096.964,95.43576,38267818.29,7.42057,2874922.787,,,55.59294,0.5503,34.43118,0.34083,9.67646,0.09579,,0.29941,,3.02513,1213015.199,4.56424,1830168.825,275.14497,98.81901,40.58191,,,44.19033,,35.62296,19.88259,,,,,,,0.30411,,,,,,,,,,,,,,50.96165,2784.33237,,8.45644,437.83869,,5204.42589,1
Rwanda,RWA,30.20605,20.97669,17.37048,36.47113,14.32565,32.04173,21.98853,18.33467,21.36076,29.50437,32.60632,37.37333,36.73506,29.12621,21.69492,18.60465,18.75,,50,,,,,,,,,,,0.62894,64.54434,0.39348,,0.69269,33.74054,,,,,,,,,,,,,6.832,0.04552,77.76257,0.51811,7.88081,0.05251,,7.52462,0.05013,,,,,13.1807,950.92919,4.15512,27.53802,14.10811,5.57274,14.20708,53.3523,35.40327,4.15017,3.23478,23.17541,54.72538,10.60737,,5.6717,30.51707,34.66724,19.43396,55.66038,16.22642,6.03774,1.13208,,,,,0.75472,0.75472,73.4072,13.86086,16.33879,22.43767,5.70666,25.02671,20.05257,1
Saudi Arabia,SAU,,,,,,,,,,,,,,,,,,,,4.1,514144.9414,,,,,30.7,3849817,,,,,,,,,12.5,1567515.065,11.4,1429573.739,35.3,4426662.544,81.5,10220198.23,,,4.8,601925.785,,,,,,,,,,1.2,150481.4463,13.7,1717996.511,417.27991,,81.99599,,,,,,,,,,,,,,,,,,,,,,,,,,,4.6978,,,13.30621,,,,1
Senegal,SEN,40.46332,,12.031,27.30697,30.22726,22.27209,37.7052,18.43391,23.52326,,36.01896,46.2395,36.31825,,,,,,,,,,,,,,,,,2.08604,85.44245,0.09892,,4.48406,7.88853,,,,,,,,,,,,,,,30.87311,0.1782,64.61759,0.37297,,4.5093,0.02603,,,,,18.50436,32.78942,8.69277,30.21927,1.57405,,9.88064,1.29084,98.19623,21.66594,14.06797,22.13511,47.65655,,,0.51293,30.67386,52.3398,64.16463,15.00523,8.12696,5.42728,0.14649,,,,,,7.1294,86.35542,564.33948,30.81784,4.95181,36.90376,30.03237,639.88931,1
Serbia,SRB,51.61378,40.45802,40.08242,61.20022,49.69021,57.0141,58.24923,58.3674,50.60255,,100,51.26024,53.34865,56.42431,54.01355,50.0404,43.73209,33.48837,50.9434,9.67854,108357.6926,37.16429,416078.9065,31.34417,350918.8011,38.72913,433598.2166,31.49153,352568.5495,10.02414,43.13515,25.25307,,0.02747,21.56017,5.51572,61752.14793,2.79613,31304.56041,30.00029,335873.117,81.20409,909133.5866,,,,,39.1049,0.36028,28.17196,0.25955,32.71726,0.30143,,0.00588,,13.28019,148680.5226,18.79591,210432.6705,160.77028,77.02607,16.22481,51.35914,7.58863,8.20164,27.88048,21.06034,70.73389,10.00007,12.74794,24.23133,72.44838,,,,17.55155,27.55162,25.8743,30.04379,22.90138,17.22075,2.65219,,,,,,1.30759,70.5803,2087.21892,50.74757,13.1949,412.03292,50.63876,2996.7127,1
Seychelles,SYC,,,,,,,,,,,,,,29.23077,34,30,66.66667,66.66667,80,,,,,,,,,,,1.98156,56.09276,4.47948,0.28013,3.21915,33.94691,,,,,,,,,,,,,,,88.23188,0.19554,4.74796,0.01052,,7.02017,0.01556,,,,,60.66523,,34.38914,,,,,,,,,,,,,,,,43.62416,33.55705,13.42282,4.02685,2.01342,,,,,,3.3557,33.71041,,,31.90045,,,,1
Singapore,SGP,,,,,,,,,,,,,,,,,,,,3.21257,338469.5076,31.43863,3312302.56,23.78586,2506024.106,62.60783,6596218.628,44.77562,4717457.173,52.22191,37.40163,3.28422,,,7.09223,,,18.98808,2000540.439,9.90495,1043563.1,94.71354,9978803.27,,,5.28646,556968.9742,59.69088,1.16057,10.96891,0.21327,29.34021,0.57046,,,,,,,,1845.77725,271.33659,8.1932,,2.46273,49.89094,59.62691,5.96812,44.14094,,17.76622,12.02674,91.88259,8.11741,,,,,,,,,,,,,,,,86.75781,6802.53716,,5.04899,377.36817,,7799.03333,1
Slovakia,SVK,49.82615,16.07963,22.61004,50.22668,45.57603,48.99292,59.10842,40.85463,33.54127,,25,53.83043,52.0832,43.36294,41.01201,47.61266,41.13508,29.42961,45.4878,4.80806,73950.72955,24.07454,370280.0239,40.11202,616945.6256,58.77339,903968.0979,35.81345,550831.1418,48.84686,38.00947,1.65964,,0.25155,11.23262,5.22327,80336.88074,4.81912,74120.72652,19.86145,305480.4565,88.26202,1357520.01,,,,,54.07532,0.45019,21.22467,0.1767,24.27588,0.2021,,0.42413,,6.51471,100199.9001,11.73798,180536.7808,282.05627,94.14561,6.19514,39.31566,6.09579,23.98237,41.03167,18.90188,56.79745,9.6556,8.66071,17.47863,73.26679,,,0.3183,17.07761,26.73321,33.22676,23.89736,15.28119,17.47828,6.75521,,,,,,3.36121,80.38859,2995.95783,32.54667,13.41627,520.62951,38.94316,3716.84357,1
Slovenia,SVN,54.36338,22.51172,17.86225,46.0719,43.56436,55.83575,62.04901,33.93238,28.49901,,34.78261,49.68283,52.62596,31.44638,33.04039,35.67953,29.88861,19.92337,22.4924,2.70799,37746.40448,43.96896,612877.8376,17.89588,249448.3806,47.68955,664738.7496,38.13517,531561.3175,63.14716,22.85193,0.45245,,0.44473,13.10372,3.47841,48485.1749,3.14661,43860.25873,40.07897,558655.8208,93.62314,1305001.234,,,,,74.19518,1.44103,13.55134,0.2632,11.91944,0.2315,,0.33404,0.00649,2.89832,40399.38983,6.37674,88884.56473,738.36345,152.09665,10.48061,30.93216,5.26055,62.09973,48.13951,16.46674,21.10637,4.81761,6.3174,30.21083,89.92829,,,0.32715,5.2541,10.07171,28.48214,33.94417,21.89786,11.47809,1.85382,,,,,,2.33681,64.01582,4854.56751,27.76745,25.50812,1814.20289,33.69129,7554.97183,1
Small Island Developing States,40344,,,,,,,,,,,,,,,,,,,,,,,,,,,,,,,,,,,,,,,,,,,,,,,,,,,,,,,,,,,,,195.54528,234.90067,,,,,,,,,,,,,,,,,,,,,,,,,,,,,832.45943,,,,,,1
Small Island Developing States,40550,,,,,,,,,,,,,,,,,,,,,,,,,,,,,,,,,,,,,,,,,,,,,,,,,,,,,,,,,,,,,199.34374,231.10488,,,,,,,,,,,,,,,,,,,,,,,,,,,,,862.56829,,,,,,1
South Africa,ZAF,,40.46555,,51.1742,44.33755,,,,,,59.63594,,,,,,,,,7.69625,491514.7446,53.25778,3401262.645,26.40172,1686123.081,16.77227,1071146.951,20.34051,1299029.181,41.49004,46.69431,0.18427,,1.46547,10.1659,2.29586,146623.4138,19.47132,1243519.475,30.08742,1921507.47,74.02728,4727689.135,,,,,40.95378,0.3408,22.30939,0.18565,33.5959,0.27957,,3.14092,0.02614,23.67686,1512102.523,25.97272,1658725.772,112.02319,216.37715,13.29544,44.42118,,18.57246,,9.11801,71.13691,,,,,,,1.17262,,,,,,,,,,,,,,73.39014,517.72191,41.90132,13.31442,129.50941,44.49957,776.34607,1
South and West Asia,40535,,,,,,,,,,,,,,,,,,,,,,,,,,,,,,,,,,,,,,,,,,,,,,,,,,,,,,,,,,,,,40.37778,144.11218,,,,,,,,,,,,,,,,,,,,,,,,,,,,,280.18297,,,,,,1
Spain,ESP,,31.2892,,47.87832,41.62346,,,,,,52.65625,,,,,,,,,,,41.16369,9028013.349,21.2666,4664187.577,,,37.5697,8239779.798,47.78603,38.90341,4.31941,,0.78488,8.20628,,,,,,,,,,,,,56.50341,0.69895,16.82724,0.20815,26.40171,0.32659,,0.26094,,,,,,494.08012,164.64468,11.88524,38.77782,,38.79532,,15.28832,45.68013,,,,,,,0.23623,,,,,,,,,,,,,,63.78036,3000.8872,39.35668,24.3344,1264.92042,40.026,4833.63002,1
Sri Lanka,LKA,46.74735,49.19679,35.30702,44.62659,45.42484,,45.36585,47.70492,44.2029,70.27027,62.5,49.71098,49.71098,38.64895,55.55556,48.45789,43.31066,40.92715,,31.46899,84869.05237,55.84883,150619.2896,14.01786,37804.91383,25.13252,67780.15293,30.13332,81266.85827,34.44136,59.63962,,2.1119,2.32527,1.48185,,,8.56092,23088.02522,26.632,71824.12555,91.79442,247561.3561,,,2.76375,7453.5966,33.63743,0.03657,34.12718,0.0371,31.88256,0.03466,,0.35282,,5.44182,14676.10905,5.44182,14676.10905,12.89882,121.70072,24.58193,45.93863,29.82852,22.47292,20.57762,49.54874,27.61733,,9.2509,27.52708,87.18412,5.00903,,0.36101,7.80686,7.80686,14.76214,18.68563,27.56253,21.62825,12.34265,,,,,5.0188,,50.3913,105.988,43.21383,25.02677,74.70815,40.06592,261.19155,1
Sub-Saharan Africa,40540,,,,,,,,,,,,,,,,,,,,,,,,,,,,,,,,,,,,,,,,,,,,,,,,,,,,,,,,,,,,,14.4474,147.53613,,,,,,,,,,,,,,,,,,,,,,,,,,,,,97.9245,,,,,,1
Sweden,SWE,,22.06277,,47.86167,43.99177,,,,,,50.76923,,,,,,,,,,,,,,,,,,,60.75663,25.01993,0.73618,,3.28743,10.08024,,,,,,,,,,,,,70.87858,2.3669,3.62549,0.12107,25.38277,0.84763,,0.11316,,,,,,1798.0421,238.57866,,28.64683,,72.8134,,4.92342,22.18999,,,,,,,0.07319,,,,,,,,,,,,,,81.22595,7536.47495,,,,31.17241,9227.27038,1
Switzerland,CHE,,,,,,,,,,,,,,,,,,,,,,32.19931,6085658.322,41.69154,7879685.598,,,26.10915,4934619.537,67.03818,25.89426,1.3892,,0.45608,5.22227,,,,,,,,,,,,,69.39703,2.34067,0.81804,0.02759,27.57142,0.92995,,2.21351,0.07466,,,,,2235.14692,410.08621,18.79811,,,49.70706,,0.98703,49.30591,,,,,,,,,,,,,,,,,,,,,58.78074,5450.4318,,22.42116,2619.74154,,9668.08632,1
Syrian Arab Republic,SYR,35.75318,,33.05785,35.72816,34.84848,55.86207,26.06383,28.76106,32.45482,,,38.03681,46.42857,,,,,,,,,,,,,,,,,,,,,,,,,,,,,,,,,,,,,73.25581,0.01504,26.74419,0.00549,,,,,,,,,,,35.12523,33.67971,,22.18826,31.45999,68.54001,8.86308,11.49144,13.81418,81.17359,,,,9.96333,18.82641,,,,,,,,71.89083,28.10917,,,68.92318,90.95754,44.48078,31.07682,67.95423,39.12587,158.91177,1
Tajikistan,TJK,,,,,,,,,,,,,,34.1556,36.87708,47.25275,39.84064,28.09224,,27.84431,8467.45569,,,,,13.02395,3960.58411,,,,100,,,,,12.87425,3915.06016,9.43114,2868.00918,19.16168,5827.06628,69.46108,21123.11526,,,,,,,90.56886,0.08788,9.43114,0.00915,,,,17.66467,5371.82673,30.53892,9286.88688,3.34145,,14.50421,,,,,,,,,,,,,,,,19.85682,22.68274,20.57272,18.91485,17.97287,,,,,,,67.65231,,,8.71782,,,,1
Thailand,THA,,,,,,,,,,,,,,,,,,,,7.47311,930439.1749,27.12079,3376674.032,9.61758,1197436.858,47.97509,5973140.227,63.26164,7876391.518,80.83961,12.18102,5.68701,0.10442,0.50083,0.68711,1.42191,177035.4338,9.37909,1167743.698,25.73755,3204453.705,90.56483,11275776.8,,,,,79.99716,0.8032,5.44014,0.05462,13.84851,0.13904,,0.71418,0.00717,8.01325,997690.1693,9.43517,1174725.603,179.89505,133.22172,7.62458,48.55281,4.28111,60.75735,7.90417,9.28555,29.20487,1.96775,5.53838,4.98839,22.71205,60.75735,,0.75222,14.56285,16.5306,24.33894,18.81005,9.80589,3.2815,0.40619,,,,,40.47345,2.88397,69.12289,1350.34325,52.01693,16.13243,296.93767,49.21958,2003.24203,1
Togo,TGO,9.41896,,9.70113,10.43478,11.26437,13.87283,10.73826,9.49367,9.72798,100,,12.34568,12.98077,,,,,,,22.91608,6558.4917,48.71052,13940.7573,51.23965,14664.58432,6.37509,1824.52608,,,,94.4574,,,,5.5427,22.52446,6446.40974,15.8683,4541.44417,16.523,4728.81784,61.68248,17653.27979,0.04983,14.25979,1.56152,446.90187,,,18.61422,0.04962,81.38588,0.21693,,,,14.23154,4073.01002,36.756,10519.41976,4.00947,105.37796,18.13187,11.06304,31.5062,,5.3838,24.268,75.732,15.05935,12.97019,13.75363,63.61382,0.1741,,,21.15273,36.21208,,,,,,10.35533,17.46193,42.63959,21.72589,,,77.31554,48.05369,14.68115,4.55259,3.61765,16.34498,64.49157,1
Trinidad and Tobago,TTO,53.33333,75,37.74834,55,54.19708,71.57895,60.83333,51.89189,50.26738,,,68.33333,70.32258,57.52508,56.17433,58.07453,50.63694,66.66667,51.68539,37.63325,15067.32594,55.4091,22184.29444,19.18755,7682.17346,8.46298,3388.34602,25.06482,10035.27163,8.2325,75.01441,,,,16.7531,0.41775,167.25453,22.02535,8818.35076,31.15097,12471.99707,99.27254,39746.0198,0.33852,135.53384,,,8.21089,0.00756,87.46759,0.08051,4.32152,,,,,0.30971,123.99905,0.72746,291.25357,28.92743,55.91798,32.81654,54.60894,14.6648,1.11732,21.08939,22.34637,76.53631,13.26816,16.75978,25.83799,78.35196,,,,8.37989,21.64804,19.85392,27.42364,21.38114,20.84993,4.58167,3.71846,9.29615,18.19389,68.7915,,5.90969,48.64341,517.31899,41.03896,18.54005,278.16733,48.35526,1317.86289,1
Tunisia,TUN,,29.98138,,43.39059,62.05466,,,,,,,,,,,,,,,,,,,,,,,,,18.94934,77.11069,,,,3.93996,,,,,,,,,,,,,18.50004,0.12103,50.49996,0.33038,31,0.20281,,,,,,,,74.89683,42.27619,1.80626,59.15369,,5.24184,,6.53521,88.22295,,,,,,,,,,,,,,,,,,,,,95.95223,1771.60777,41.59664,2.24151,61.73693,58.11753,1873.1192,1
Turkey,TUR,37.6429,25.85186,25.44415,32.494,42.88144,42.02153,50.08451,39.33643,30.69442,,,44.50098,43.64454,,,,,,,3.51489,763766.9483,,,,,62.30884,13539395.22,,,49.44824,33.60659,13.32375,,0.13834,3.48308,4.41752,959904.9755,12.98756,2822130.322,8.49471,1845857.342,87.30599,18971149.84,,,,,56.87678,0.54662,9.57424,0.09201,33.54898,0.32242,,,,8.27649,1798439.694,12.69401,2758344.669,267.88025,194.19887,7.84417,32.77864,4.29964,55.68266,60.66689,5.96284,38.3545,5.56156,11.63254,7.29983,83.8989,,,,10.53953,16.1011,,,,,,,,,,,,79.09433,1379.41194,28.15223,13.06149,353.73836,32.06406,1892.98225,1
Uganda,UGA,22.85443,19.90172,20.43121,29.21594,28.00342,29.83607,29.31807,23.28897,24.6582,,26.47528,34.64837,33.29301,37.5,31.58537,26.1745,22.27273,15.58442,33.33333,27.70534,31724.27375,47.1472,53986.36052,29.20962,33446.76089,20.69747,23699.83644,23.64318,27072.8505,3.40612,37.89091,2.316,0.67113,3.31549,52.40036,2.19471,2513.07974,12.9751,14857.26381,9.0935,10412.60497,70.47142,80693.97897,,,,,4.33641,0.00739,47.09071,0.08026,45.98967,0.07838,,2.58321,,27.33412,31299.20415,29.52884,33812.28389,3.10217,111.40881,11.80146,28.12804,20.51956,3.95991,9.47655,44.42499,45.51469,11.87001,19.5466,10.23545,59.77817,,,6.10041,28.36155,40.2121,18.53759,42.22451,23.01751,11.32853,3.96498,,,,,,0.92688,67.40715,27.84496,33.20783,20.79139,10.79338,31.04774,43.69909,1
Ukraine,UKR,53.3214,36.43433,33.02508,48.26817,40.99363,60.90478,64.90972,42.64324,40.68026,,,64.97932,63.58972,46.48434,49.74174,51.99344,45.1238,30.2258,41.05523,5.81804,107026.9956,21.27318,391335.6166,22.39577,411986.4858,63.66216,1171111.561,56.33104,1036250.308,30.51146,46.2778,0.28676,1.08145,0.12698,21.71554,2.13608,39294.77662,3.67361,67578.68086,20.60905,379118.3737,93.76285,1724835.611,,,,,58.4707,0.2756,34.85099,0.16427,6.67831,0.03148,,,,4.10106,75442.02299,6.23715,114736.7996,43.57445,44.10027,24.90128,43.60278,8.30045,27.25359,42.20418,52.94797,19.79843,4.35064,6.55856,30.17999,87.24319,,,,8.40617,12.75681,19.66858,22.17248,16.93042,20.60385,18.51987,,,,,,2.10481,65.39352,988.07663,58.3879,9.7052,150.13703,45.768,1553.75,1
United Arab Emirates,ARE,,24.20457,,13.61663,30.03017,,,,,,,,,,,,,,,,,,,,,,,,,74.28571,25.71429,,,,,,,,,,,,,,,,,61.93069,0.80706,25.42397,0.33132,12.64534,0.16479,,,,,,,,976.62693,410.5391,17.40025,23.71646,,77.8565,,10.83312,11.31038,,,,,,,,,,,,,,,,,,,,,63.6173,2378.88895,28.84504,18.98244,889.5377,28.20501,4159.95929,1
United Kingdom of Great Britain and Northern Ireland,GBR,,,,36.41266,,,,,,,,,,,,,,,,,,43.99057,20860624.76,18.09892,8582630.054,,,37.91081,17977561.86,53.72207,25.99099,0.69351,,5.15964,14.43408,,,,,,,,,,,,,69.1307,1.19189,6.11032,0.10535,22.5378,0.38858,,2.22393,0.03834,,,,,776.66049,168.71782,9.51812,,,40.62555,,2.27389,55.64622,,,,,,,1.45434,,,,,,,,,,,,,,73.42458,4603.31022,,17.05715,1305.4251,,6994.86477,1
United Republic of Tanzania,TZA,,,,30.34172,22.17441,,,,,,,,,,,,,,,,,70.39712,433053.0877,19.02608,117040.347,,,10.57679,65063.92727,,,,,,,,,,,,,,,,,,,,,38.64722,0.19886,61.35278,0.3157,,,,,,,,12.68807,662.49245,30.67553,24.51672,,,,28.67912,71.32088,,,,,,,,,,,,,,,,,,,,,56.55223,19.15202,20.63793,12.77224,6.20133,28.80112,40.56236,1
United States,USA,,,,,,,,,,,,,,,,,,,,,,19.76742,114958000,16.59178,96490000,,,63.37118,368537000,62.37076,22.96265,3.63166,,3.73242,7.30252,,,,,,,,,0.26962,1568000,,,72.57636,2.05947,10.36294,0.29407,12.8487,0.3646,,4.212,0.11952,,,,,1777.92614,382.72314,,,,71.31825,,,,,,,,,,,,,,,,,,,,,,,,,4412.43542,,,,,,1
Upper middle income countries,40043,,,,,,,,,,,,,,,,,,,,,,,,,,,,,,,,,,,,,,,,,,,,,,,,,,,,,,,,,,,,,256.84843,226.19899,,,,,,,,,,,,,,,,,,,,,,,,,,,,,1135.49769,,,,,,1
Uruguay,URY,47.38372,26.66667,35.29412,47.90419,48.9008,53.69458,52.74725,48.99244,47.17887,50,48.05195,52,52.47253,,,,,,,20.74775,78423.86715,,,,,33.92995,128250.9333,,,4.59247,28.24423,59.47791,,0.26944,7.41576,4.87826,18439.21731,16.75314,63324.75621,7.08135,26766.60577,78.51219,296766.1624,,,,6.31417,23.90701,0.11569,35.63919,0.17247,39.7441,0.19233,,0.71018,,16.60788,62775.69763,21.48614,81214.91494,109.98745,159.21963,,48.79267,14.3214,0.62448,10.61615,13.90508,77.64363,8.45129,11.36553,33.05579,69.35887,0.33306,4.62115,3.20566,21.85679,30.30808,,,,,,,,,,,,,696.37621,,,,,,1
Uzbekistan,UZB,24.51643,37.59398,31.02336,32.70677,40.52231,52.01104,51.77785,33.82923,35.16137,,42.85714,37.74822,45.56735,40.33537,43.29242,43.92879,34.79167,35.38767,37.92049,9.44668,28359.1232,28.92564,86835.39804,19.45045,58390.66136,29.00203,87064.70362,21.5474,64685.74983,42.42783,54.31266,,2.96302,,0.2965,7.28904,21881.85061,5.5693,16719.15364,41.5363,124692.8481,85.5543,256835.8286,30.07651,90290.31055,,,40.43947,0.05247,41.59831,0.05398,16.81089,0.02181,,1.15133,,7.15666,21484.44058,14.4457,43366.29119,9.24375,19.41234,5.06387,38.27411,8.224,12.90051,16.44153,24.08096,62.52061,16.39885,12.03919,33.38226,70.08697,,,0.49791,13.51418,29.91303,27.7242,28.66028,20.64395,13.56997,6.32009,10.84341,27.84357,20.85126,35.86619,,3.08151,85.61248,476.17883,44.2665,4.19793,48.0659,39.18398,630.53782,1
Venezuela (Bolivarian Republic of),VEN,,,,,,,,,,,,,,57.98526,63.0137,63.16129,61.66478,52.40964,53.33333,,,,,,,,,,,,91.05944,8.94055,32.03099,,,,,,,,,,,,,,,,,,,,,,,,,,,,61.03319,223.83033,,61.63194,,0.81446,,16.21109,79.78355,,,,,,3.0347,0.1562,,,15.68099,31.6413,29.85937,17.01021,4.79676,,,,,,1.01137,,300.25538,,,,,,1
Viet Nam,VNM,,,,,,,,,,,,,,,,,,,,6.6211,226256.0197,68.45058,1676209.582,16.606,406645.7766,73.07291,2497046.964,9.35433,229067.712,64.12012,26.93041,1.40262,3.05227,,4.49458,0.6675,22809.89701,1.93135,65998.12654,4.54245,155224.6078,86.16781,2944525.848,5.58909,136864.8435,,,73.04482,0.38476,21.27302,0.11205,5.32192,0.02803,,0.36023,,13.16469,449863.5352,13.83219,472673.4322,36.12237,51.03878,14.79416,44.78986,12.40273,24.06166,39.15583,49.72742,25.7748,4.47478,9.70233,9.81733,71.07822,,,0.43613,24.447,28.92178,,,,,,,,,,,,78.79757,707.74357,43.06401,6.40827,71.49,45.90136,895.69154,1
Western Asia and Northern Africa,40617,,,,,,,,,,,,,,,,,,,,,,,,,,,,,,,,,,,,,,,,,,,,,,,,,,,,,,,,,,,,,161.54837,189.23238,,,,,,,,,,,,,,,,,,,,,,,,,,,,,853.70367,,,,,,1
World,40510,,,,,,,,,,,,,,,,,,,,,,,,,,,,,,,,,,,,,,,,,,,,,,,,,,,,,,,,,,,,,290.46399,242.45876,,,,,,,,,,,,,,,,,,,,,,,,,,,,,1197.99336,,,,,,1
World,40675,,,,,,,,,,,,,,,,,,,,,,,,,,,,,,,,,,,,,,,,,,,,,,,,,,,,,,,,,,,,,290.46399,242.45876,,,,,,,,,,,,,,,,,,,,,,,,,,,,,1197.99336,,,,,,1
